Binder Name,Binder Type,Name,Set code,Set name,Collector number,Foil,Rarity,Quantity,ManaBox ID,Scryfall ID,Purchase price,Misprint,Altered,Condition,Language,Purchase price currency,Added
Blight-Curse-B4-Final,deck,"Auntie Ool, Cursewretch",ECC,Lorwyn Eclipsed Commander,2,foil,mythic,1,110379,9a2e4252-9fbc-4d43-8935-db2cafaa7b5f,0.35,false,false,near_mint,en,EUR,2026-07-11T18:44:33.509Z
Blight-Curse-B4-Final,deck,Aberrant Return,ECC,Lorwyn Eclipsed Commander,7,normal,rare,1,110582,a27a3d4b-caa7-4c5e-b1f3-aa607d3b157d,0.26,false,false,near_mint,en,EUR,2026-07-11T18:44:33.509Z
Blight-Curse-B4-Final,deck,Arcane Signet,ECC,Lorwyn Eclipsed Commander,56,normal,uncommon,1,110584,a5dc8c3f-c8a3-4bea-9874-4bf9b221408b,0.4,false,false,near_mint,en,EUR,2026-07-11T18:44:33.509Z
Free Cards,binder,Archfiend of Ifnir,ECC,Lorwyn Eclipsed Commander,70,normal,rare,1,110549,83057af6-cb88-4401-92ef-5b5d10463140,0.3,false,false,near_mint,en,EUR,2026-07-11T18:44:33.509Z
Blight-Curse-B4-Final,deck,Assassin's Trophy,ECC,Lorwyn Eclipsed Commander,119,normal,rare,1,110510,5e530961-1cb5-4208-ac49-f0963bac0134,0.67,false,false,near_mint,en,EUR,2026-07-11T18:44:33.509Z
Free Cards,binder,Binding the Old Gods,ECC,Lorwyn Eclipsed Commander,120,normal,uncommon,1,110487,41802f18-7d46-431a-acb3-dbcc82eb415a,0.27,false,false,near_mint,en,EUR,2026-07-11T18:44:33.509Z
Blight-Curse-B4-Final,deck,Black Sun's Zenith,ECC,Lorwyn Eclipsed Commander,71,normal,rare,1,110651,eda98f51-a918-4ef7-a123-7d4200c79620,0.31,false,false,near_mint,en,EUR,2026-07-11T18:44:33.509Z
Blight-Curse-B4-Final,deck,Blowfly Infestation,ECC,Lorwyn Eclipsed Commander,46,normal,uncommon,1,110537,77e5dc0c-f4db-4540-b8d1-a07d7c96a374,0.33,false,false,near_mint,en,EUR,2026-07-11T18:44:33.509Z
Blight-Curse-B4-Final,deck,Burning Curiosity,ECL,Lorwyn Eclipsed,129,normal,common,1,110521,689ed288-6228-4d7e-b198-56a12b8be299,0.14,false,false,near_mint,en,EUR,2026-07-11T18:44:33.509Z
Blight-Curse-B4-Final,deck,Canyon Slough,ECC,Lorwyn Eclipsed Commander,145,normal,rare,1,110629,d2ba7cfa-36f2-410f-80c3-5a06f4b48372,0.25,false,false,near_mint,en,EUR,2026-07-11T18:44:33.509Z
Blight-Curse-B4-Final,deck,Carnifex Demon,ECC,Lorwyn Eclipsed Commander,72,normal,rare,1,110544,7eec26a5-1d2b-43ff-b340-bc72f4a71ae8,0.23,false,false,near_mint,en,EUR,2026-07-11T18:44:33.509Z
Free Cards,binder,Cathartic Pyre,ECC,Lorwyn Eclipsed Commander,90,normal,uncommon,1,110438,0d762a71-ee49-49fd-a54a-0c066277c88c,0.2,false,false,near_mint,en,EUR,2026-07-11T18:44:33.509Z
Free Cards,binder,Cathartic Reunion,ECC,Lorwyn Eclipsed Commander,91,normal,common,1,110641,e3bca51a-b9be-4be2-a256-b15853fde433,0.27,false,false,near_mint,en,EUR,2026-07-11T18:44:33.509Z
Free Cards,binder,Chain Reaction,ECC,Lorwyn Eclipsed Commander,92,normal,rare,1,110601,b6c0d5df-1195-49c1-9b8f-befed9faa401,0.22,false,false,near_mint,en,EUR,2026-07-11T18:44:33.509Z
Blight-Curse-B4-Final,deck,Channeler Initiate,ECC,Lorwyn Eclipsed Commander,101,normal,rare,1,110564,9011936a-ec69-4c1b-ae8e-c2d212047ca4,0.19,false,false,near_mint,en,EUR,2026-07-11T18:44:33.509Z
Blight-Curse-B4-Final,deck,"Chimil, the Inner Sun",ECC,Lorwyn Eclipsed Commander,137,normal,mythic,1,110542,7b696878-bf6c-4323-baa5-93c44dde075e,6.03,false,false,near_mint,en,EUR,2026-07-11T18:44:33.509Z
Blight-Curse-B4-Final,deck,Cinder Glade,ECC,Lorwyn Eclipsed Commander,146,normal,rare,1,110469,306a7feb-f254-4ef1-a813-709601e87905,0.3,false,false,near_mint,en,EUR,2026-07-11T18:44:33.509Z
Blight-Curse-B4-Final,deck,Command Tower,ECC,Lorwyn Eclipsed Commander,60,normal,common,1,110540,7aebd8b6-7d4c-422f-ad57-fc07699c88ae,0.26,false,false,near_mint,en,EUR,2026-07-11T18:44:33.509Z
Free Cards,binder,Commander's Sphere,ECC,Lorwyn Eclipsed Commander,139,normal,common,1,110579,a0d50603-e31f-4cd7-b4b6-49847d99eb2e,0.24,false,false,near_mint,en,EUR,2026-07-11T18:44:33.509Z
Blight-Curse-B4-Final,deck,Contagion Clasp,ECC,Lorwyn Eclipsed Commander,140,normal,uncommon,1,110652,edd7f08a-3baf-4fb0-921e-b0e7b4a1a545,0.3,false,false,near_mint,en,EUR,2026-07-11T18:44:33.509Z
Blight-Curse-B4-Final,deck,Devoted Druid,ECC,Lorwyn Eclipsed Commander,104,normal,uncommon,1,110456,22589a81-3ea8-4e78-98c9-c015e7539cf9,0.36,false,false,near_mint,en,EUR,2026-07-11T18:44:33.509Z
Blight-Curse-B4-Final,deck,Dragonskull Summit,ECC,Lorwyn Eclipsed Commander,147,normal,rare,1,110569,92964d76-3a01-4ab6-abf9-66b754708f90,0.49,false,false,near_mint,en,EUR,2026-07-11T18:44:33.509Z
Blight-Curse-B4-Final,deck,Dread Tiller,ECC,Lorwyn Eclipsed Commander,20,normal,rare,1,110509,5e2692eb-5a01-4b62-9d4d-263a553975ab,0.2,false,false,near_mint,en,EUR,2026-07-11T18:44:33.509Z
Blight-Curse-B4-Final,deck,Dusk Urchins,ECC,Lorwyn Eclipsed Commander,73,normal,rare,1,110666,fce69f5c-c4c4-4c8b-aa29-8cc8a84587d1,0.2,false,false,near_mint,en,EUR,2026-07-11T18:44:33.509Z
Blight-Curse-B4-Final,deck,Eventide's Shadow,ECC,Lorwyn Eclipsed Commander,8,normal,rare,1,110575,9c5d71a6-8e68-4aee-b781-486276d17fce,0.18,false,false,near_mint,en,EUR,2026-07-11T18:44:33.509Z
Blight-Curse-B4-Final,deck,Everlasting Torment,ECC,Lorwyn Eclipsed Commander,121,normal,rare,1,110581,a1e79115-bb2d-4455-b6dc-aaf2d0e26c60,0.2,false,false,near_mint,en,EUR,2026-07-11T18:44:33.509Z
Blight-Curse-B4-Final,deck,Evolution Sage,ECC,Lorwyn Eclipsed Commander,105,normal,uncommon,1,110450,1d58d08d-cd62-416d-8d8e-7d9c56d5c4da,2.06,false,false,near_mint,en,EUR,2026-07-11T18:44:33.509Z
Blight-Curse-B4-Final,deck,Evolving Wilds,ECL,Lorwyn Eclipsed,264,normal,common,1,110560,8c632984-5176-4c37-91df-6577cc294b85,0.25,false,false,near_mint,en,EUR,2026-07-11T18:44:33.509Z
Blight-Curse-B4-Final,deck,Exotic Orchard,ECC,Lorwyn Eclipsed Commander,148,normal,rare,1,110638,dc0a1bc1-ba94-4494-a196-5363fde85194,0.31,false,false,near_mint,en,EUR,2026-07-11T18:44:33.509Z
Blight-Curse-B4-Final,deck,"Ferrafor, Young Yew",ECC,Lorwyn Eclipsed Commander,16,normal,rare,1,110631,d6313ef4-c1a0-4315-8db9-a3666e49daa8,0.24,false,false,near_mint,en,EUR,2026-07-11T18:44:33.509Z
Blight-Curse-B4-Final,deck,Festering Thicket,ECC,Lorwyn Eclipsed Commander,61,normal,rare,1,110557,89891685-d4cf-4aaf-8179-210ed135f171,0.32,false,false,near_mint,en,EUR,2026-07-11T18:44:33.509Z
Blight-Curse-B4-Final,deck,Fire Covenant,ECC,Lorwyn Eclipsed Commander,54,normal,uncommon,1,110449,1a13437b-e0c7-4ca9-a0e2-b8cb1b5813ec,0.37,false,false,near_mint,en,EUR,2026-07-11T18:44:33.509Z
Blight-Curse-B4-Final,deck,Flourishing Defenses,ECC,Lorwyn Eclipsed Commander,107,normal,uncommon,1,110478,37a678b3-53ba-48c7-9846-6454f8b34127,1.22,false,false,near_mint,en,EUR,2026-07-11T18:44:33.509Z
Blight-Curse-B4-Final,deck,Forest,ECL,Lorwyn Eclipsed,273,normal,common,6,110396,b460f5f7-c7c9-400c-8419-23d614f45bf9,0.12,false,false,near_mint,en,EUR,2026-07-11T18:44:33.509Z
Blight-Curse-B4-Final,deck,Glissa Sunslayer,ECC,Lorwyn Eclipsed Commander,122,normal,rare,1,110519,682b1b62-338a-49d1-9d4e-2d8ee2e6fc76,0.37,false,false,near_mint,en,EUR,2026-07-11T18:44:33.509Z
Blight-Curse-B4-Final,deck,Golgari Rot Farm,ECC,Lorwyn Eclipsed Commander,151,normal,uncommon,1,110488,42486edd-24b7-4299-84fa-50559917b2a8,0.28,false,false,near_mint,en,EUR,2026-07-11T18:44:33.509Z
Blight-Curse-B4-Final,deck,Grave Titan,ECC,Lorwyn Eclipsed Commander,74,normal,mythic,1,110481,3b4faa6e-5013-4c59-80f5-662a386672eb,0.34,false,false,near_mint,en,EUR,2026-07-11T18:44:33.509Z
Blight-Curse-B4-Final,deck,Grave Venerations,ECC,Lorwyn Eclipsed Commander,9,normal,rare,1,110649,ec52f819-038a-41c3-91ef-91b1975d094c,0.56,false,false,near_mint,en,EUR,2026-07-11T18:44:33.509Z
Free Cards,binder,Grim Poppet,ECC,Lorwyn Eclipsed Commander,142,normal,rare,1,110541,7b23f412-c5eb-48f1-ad84-ae42171944c8,0.24,false,false,near_mint,en,EUR,2026-07-11T18:44:33.509Z
Blight-Curse-B4-Final,deck,Gruul Turf,ECC,Lorwyn Eclipsed Commander,152,normal,uncommon,1,110657,f19d2b68-1415-4a0c-bb68-cfacb611c4d2,0.28,false,false,near_mint,en,EUR,2026-07-11T18:44:33.509Z
Blight-Curse-B4-Final,deck,"Hapatra, Vizier of Poisons",ECC,Lorwyn Eclipsed Commander,123,normal,rare,1,110628,d19e17fc-ae3e-4533-ab94-70d5f2e1b8cd,0.32,false,false,near_mint,en,EUR,2026-07-11T18:44:33.509Z
Free Cards,binder,Harmonize,ECC,Lorwyn Eclipsed Commander,111,normal,uncommon,1,110534,754c9a93-bbd6-4b2c-9158-70341be6b912,0.29,false,false,near_mint,en,EUR,2026-07-11T18:44:33.509Z
Free Cards,binder,Hoarder's Greed,ECC,Lorwyn Eclipsed Commander,47,normal,uncommon,1,110442,1293ed24-781c-465f-8561-39b01e7ba388,0.22,false,false,near_mint,en,EUR,2026-07-11T18:44:33.509Z
Blight-Curse-B4-Final,deck,Ifnir Deadlands,ECC,Lorwyn Eclipsed Commander,153,normal,uncommon,1,110565,902e260d-71ba-4342-9794-fefe2b531c00,0.23,false,false,near_mint,en,EUR,2026-07-11T18:44:33.509Z
Blight-Curse-B4-Final,deck,Ignoble Hierarch,ECC,Lorwyn Eclipsed Commander,52,normal,rare,1,110647,e802cfe1-45e0-47cd-8745-363ccc0f2af8,1.11,false,false,near_mint,en,EUR,2026-07-11T18:44:33.509Z
Free Cards,binder,Incremental Blight,ECC,Lorwyn Eclipsed Commander,76,normal,uncommon,1,110517,67028351-3023-4433-96fe-f5c32710bdf0,0.21,false,false,near_mint,en,EUR,2026-07-11T18:44:33.509Z
Blight-Curse-B4-Final,deck,Infernal Grasp,ECC,Lorwyn Eclipsed Commander,77,normal,uncommon,1,110459,2430acb7-b371-4a03-88e7-0660a51836dd,0.26,false,false,near_mint,en,EUR,2026-07-11T18:44:33.509Z
Blight-Curse-B4-Final,deck,Kulrath Knight,ECC,Lorwyn Eclipsed Commander,126,normal,uncommon,1,110617,c28c15bd-6fb3-4250-81c4-d42f3efdb6f6,0.18,false,false,near_mint,en,EUR,2026-07-11T18:44:33.509Z
Free Cards,binder,Lasting Tarfire,ECL,Lorwyn Eclipsed,149,normal,uncommon,1,110574,9c4a95ac-072f-4219-80a0-1ce71f1b8411,0.19,false,false,near_mint,en,EUR,2026-07-11T18:44:33.509Z
Free Cards,binder,"Liliana, Death Wielder",ECC,Lorwyn Eclipsed Commander,78,normal,mythic,1,110526,6f874b0e-32e3-421f-8109-522638b3f38d,0.34,false,false,near_mint,en,EUR,2026-07-11T18:44:33.509Z
Blight-Curse-B4-Final,deck,"Massacre Girl, Known Killer",ECC,Lorwyn Eclipsed Commander,79,normal,mythic,1,110561,8ef53e5e-709c-4613-a5ab-6bf12961b2e1,0.59,false,false,near_mint,en,EUR,2026-07-11T18:44:33.509Z
Blight-Curse-B4-Final,deck,Midnight Banshee,ECC,Lorwyn Eclipsed Commander,80,normal,rare,1,110656,f0a38737-22e6-469f-94d8-12b9a62f4495,0.26,false,false,near_mint,en,EUR,2026-07-11T18:44:33.509Z
Blight-Curse-B4-Final,deck,Mountain,ECL,Lorwyn Eclipsed,272,normal,common,4,110313,295b92bc-d66f-45d8-9bbe-5f5f13e39fd4,0.15,false,false,near_mint,en,EUR,2026-07-11T18:44:33.509Z
Blight-Curse-B4-Final,deck,Necroskitter,ECC,Lorwyn Eclipsed Commander,48,normal,rare,1,110446,1743ff46-7bfe-46f7-a2cf-170dd92bf28f,0.66,false,false,near_mint,en,EUR,2026-07-11T18:44:33.509Z
Blight-Curse-B4-Final,deck,Nesting Grounds,ECC,Lorwyn Eclipsed Commander,155,normal,rare,1,110616,c25ad164-4076-496d-833c-d607391b1ac8,0.27,false,false,near_mint,en,EUR,2026-07-11T18:44:33.509Z
Blight-Curse-B4-Final,deck,Night's Whisper,ECC,Lorwyn Eclipsed Commander,81,normal,common,1,110620,c6627166-bf0e-49f2-9077-252cfb0fab4d,0.31,false,false,near_mint,en,EUR,2026-07-11T18:44:33.509Z
Blight-Curse-B4-Final,deck,Oft-Nabbed Goat,ECC,Lorwyn Eclipsed Commander,11,normal,rare,1,110486,4030bfab-867c-4724-904e-3e8b631f075e,0.26,false,false,near_mint,en,EUR,2026-07-11T18:44:33.509Z
Blight-Curse-B4-Final,deck,Painful Truths,ECC,Lorwyn Eclipsed Commander,82,normal,rare,1,110664,faa82f09-0693-4cc6-8770-8c6a35aa627b,0.27,false,false,near_mint,en,EUR,2026-07-11T18:44:33.509Z
Blight-Curse-B4-Final,deck,Path of Ancestry,ECC,Lorwyn Eclipsed Commander,158,normal,common,1,110482,3b792a6a-beac-4d4a-91b6-f5a5e3539ecd,0.3,false,false,near_mint,en,EUR,2026-07-11T18:44:33.509Z
Blight-Curse-B4-Final,deck,Persist,ECC,Lorwyn Eclipsed Commander,83,normal,rare,1,110603,b7a56356-91bf-42f5-ab21-af2c48e78fc3,1.11,false,false,near_mint,en,EUR,2026-07-11T18:44:33.509Z
Blight-Curse-B4-Final,deck,Puca's Covenant,ECC,Lorwyn Eclipsed Commander,18,normal,rare,1,110448,1966dbd2-963a-4d37-ab26-c0a0715f523f,0.22,false,false,near_mint,en,EUR,2026-07-11T18:44:33.509Z
Blight-Curse-B4-Final,deck,Puppeteer Clique,ECC,Lorwyn Eclipsed Commander,84,normal,rare,1,110670,ffb08d08-9936-4525-bd72-3c2b77783d7d,0.25,false,false,near_mint,en,EUR,2026-07-11T18:44:33.509Z
Blight-Curse-B4-Final,deck,Putrefy,ECC,Lorwyn Eclipsed Commander,131,normal,uncommon,1,110592,ad6ed9f1-2014-49e2-91c6-2b55c8d60cdc,0.2,false,false,near_mint,en,EUR,2026-07-11T18:44:33.509Z
Blight-Curse-B4-Final,deck,Rakdos Carnarium,ECC,Lorwyn Eclipsed Commander,161,normal,uncommon,1,110454,20c799a9-ab94-46e6-9111-00505e071c41,0.31,false,false,near_mint,en,EUR,2026-07-11T18:44:33.509Z
Blight-Curse-B4-Final,deck,Riveteers Overlook,ECC,Lorwyn Eclipsed Commander,162,normal,common,1,110516,65ce9590-87c0-4057-bddb-fadc0de552f6,0.23,false,false,near_mint,en,EUR,2026-07-11T18:44:33.509Z
Blight-Curse-B4-Final,deck,Rootbound Crag,ECC,Lorwyn Eclipsed Commander,163,normal,rare,1,110607,bc0f449a-01e2-4c22-8eb0-17ad1efb62e4,0.33,false,false,near_mint,en,EUR,2026-07-11T18:44:33.509Z
Blight-Curse-B4-Final,deck,Savage Lands,ECC,Lorwyn Eclipsed Commander,165,normal,uncommon,1,110501,55187461-2ff3-424b-85d5-2ca09567d44e,0.27,false,false,near_mint,en,EUR,2026-07-11T18:44:33.509Z
Blight-Curse-B4-Final,deck,Sheltered Thicket,ECC,Lorwyn Eclipsed Commander,167,normal,rare,1,110593,ad7f87dd-1c43-4b6f-9d68-cc09ef76dbc2,0.25,false,false,near_mint,en,EUR,2026-07-11T18:44:33.509Z
Blight-Curse-B4-Final,deck,Sinister Gnarlbark,ECC,Lorwyn Eclipsed Commander,12,normal,rare,1,110571,939a4eaa-4d9b-47d1-94a4-fb1e9a95e539,0.26,false,false,near_mint,en,EUR,2026-07-11T18:44:33.509Z
Blight-Curse-B4-Final,deck,Skinrender,ECC,Lorwyn Eclipsed Commander,86,normal,uncommon,1,110447,178bca8c-8686-414f-8c71-a582eecd273d,0.21,false,false,near_mint,en,EUR,2026-07-11T18:44:33.509Z
Blight-Curse-B4-Final,deck,Smoldering Marsh,ECC,Lorwyn Eclipsed Commander,168,normal,rare,1,110633,d6890462-aeb0-4356-93dc-b2eda0df0c0e,0.25,false,false,near_mint,en,EUR,2026-07-11T18:44:33.509Z
Blight-Curse-B4-Final,deck,Sol Ring,ECC,Lorwyn Eclipsed Commander,58,normal,uncommon,1,110437,0d38ff41-a60c-4d70-92e4-4d3d3ab073a3,2.08,false,false,near_mint,en,EUR,2026-07-11T18:44:33.509Z
Blight-Curse-B4-Final,deck,Soul Snuffers,ECC,Lorwyn Eclipsed Commander,87,normal,uncommon,1,110618,c3313376-cda8-4458-baa8-be3eac236192,0.19,false,false,near_mint,en,EUR,2026-07-11T18:44:33.509Z
Blight-Curse-B4-Final,deck,Terminate,ECC,Lorwyn Eclipsed Commander,134,normal,common,1,110455,21f579c9-4b74-4461-8812-dcfd68fd2b97,0.34,false,false,near_mint,en,EUR,2026-07-11T18:44:33.509Z
Blight-Curse-B4-Final,deck,Terramorphic Expanse,ECC,Lorwyn Eclipsed Commander,169,normal,common,1,110435,0bea079a-a972-4988-a561-9783b2515166,0.19,false,false,near_mint,en,EUR,2026-07-11T18:44:33.509Z
Blight-Curse-B4-Final,deck,"The Reaper, King No More",ECC,Lorwyn Eclipsed Commander,4,foil,mythic,1,110412,d2119f3f-27d2-4d43-a5ef-35c1b73d182a,0.34,false,false,near_mint,en,EUR,2026-07-11T18:44:33.509Z
Blight-Curse-B4-Final,deck,The Scorpion God,ECC,Lorwyn Eclipsed Commander,133,normal,mythic,1,110538,792eabed-6c49-41f0-a9ce-0184e5c577e9,0.26,false,false,near_mint,en,EUR,2026-07-11T18:44:33.509Z
Free Cards,binder,Tree of Perdition,ECC,Lorwyn Eclipsed Commander,49,normal,mythic,1,110532,750b4c88-26c7-43ec-b6b9-ece3263dfd59,2.32,false,false,near_mint,en,EUR,2026-07-11T18:44:33.509Z
Blight-Curse-B4-Final,deck,Vernal Fen,ECC,Lorwyn Eclipsed Commander,63,normal,rare,1,110548,82253d45-587b-48a9-b6dc-e372f9adb2a6,0.48,false,false,near_mint,en,EUR,2026-07-11T18:44:33.509Z
Blight-Curse-B4-Final,deck,Village Pillagers,ECC,Lorwyn Eclipsed Commander,14,normal,rare,1,110580,a1e34ec4-6a85-4e22-9be9-f27dda5752d6,0.28,false,false,near_mint,en,EUR,2026-07-11T18:44:33.509Z
Blight-Curse-B4-Final,deck,"Vraska, Betrayal's Sting",ECC,Lorwyn Eclipsed Commander,88,normal,mythic,1,110577,9f1fa1c5-ff87-4bbc-89aa-dbebc91eada0,0.66,false,false,near_mint,en,EUR,2026-07-11T18:44:33.509Z
Free Cards,binder,Wickerbough Elder,ECC,Lorwyn Eclipsed Commander,118,normal,common,1,110551,83e0b855-0259-4229-a6b9-d0faaf225355,0.25,false,false,near_mint,en,EUR,2026-07-11T18:44:33.509Z
Free Cards,binder,Wickersmith's Tools,ECC,Lorwyn Eclipsed Commander,21,normal,rare,1,110476,3758af07-68ed-42da-8a13-ec321e7cd06e,0.19,false,false,near_mint,en,EUR,2026-07-11T18:44:33.509Z
Blight-Curse-B4-Final,deck,Woodland Cemetery,ECC,Lorwyn Eclipsed Commander,176,normal,rare,1,110436,0c20aa48-58a0-4dee-970f-ba1292affa28,0.41,false,false,near_mint,en,EUR,2026-07-11T18:44:33.509Z
Free Cards,binder,"Ashling, the Limitless",ECC,Lorwyn Eclipsed Commander,1,foil,mythic,1,110350,5924c01f-2815-4e37-b700-3ba6cc81e0e4,0.32,false,false,near_mint,en,EUR,2026-07-11T18:45:53.997Z
Free Cards,binder,Abundant Countryside,ECC,Lorwyn Eclipsed Commander,22,normal,rare,1,110475,37478625-dd07-476d-bd9b-b2e0d71ac0d1,2.71,false,false,near_mint,en,EUR,2026-07-11T18:45:53.997Z
Free Cards,binder,Abundant Growth,ECC,Lorwyn Eclipsed Commander,97,normal,common,1,110555,88b8b051-3f05-4cc1-9506-732faa25553a,0.18,false,false,near_mint,en,EUR,2026-07-11T18:45:53.997Z
Foot Clan Blitz,deck,Ancient Ziggurat,ECC,Lorwyn Eclipsed Commander,144,normal,uncommon,1,110444,136f1e4e-ca24-45cb-a39c-4dd159bb1488,0.32,false,false,near_mint,en,EUR,2026-07-11T18:45:53.997Z
Free Cards,binder,Arcane Signet,ECC,Lorwyn Eclipsed Commander,55,normal,uncommon,1,110589,aa9e7f3c-e752-4cee-9e9d-fae38ba27dc9,0.39,false,false,near_mint,en,EUR,2026-07-11T18:45:53.997Z
Free Cards,binder,Avenger of Zendikar,ECC,Lorwyn Eclipsed Commander,98,normal,mythic,1,110621,c6f1e60f-a195-4590-80b0-86767de6c423,0.39,false,false,near_mint,en,EUR,2026-07-11T18:45:53.997Z
Free Cards,binder,Bane of Progress,ECC,Lorwyn Eclipsed Commander,99,normal,rare,1,110500,54c98a43-d358-4bb5-ba65-dff25c2f12ea,0.33,false,false,near_mint,en,EUR,2026-07-11T18:45:53.997Z
Free Cards,binder,Belonging,ECC,Lorwyn Eclipsed Commander,5,normal,rare,1,110588,a930c3f1-9c59-4627-829a-3cefb87ae2f4,0.26,false,false,near_mint,en,EUR,2026-07-11T18:45:53.997Z
Blight-Curse-B4-Final,deck,Blasphemous Act,ECC,Lorwyn Eclipsed Commander,89,normal,rare,1,110661,f349a283-a3ee-468b-92c5-d74f53f4d621,0.75,false,false,near_mint,en,EUR,2026-07-11T18:45:53.997Z
Free Cards,binder,Cavalier of Thorns,ECC,Lorwyn Eclipsed Commander,100,normal,mythic,1,110591,ace83f5b-2349-46b8-b27f-bf705912a6df,0.25,false,false,near_mint,en,EUR,2026-07-11T18:45:53.997Z
Free Cards,binder,Chromatic Lantern,ECC,Lorwyn Eclipsed Commander,138,normal,rare,1,110610,bf810ace-f866-457c-8671-a84c73b6f733,0.81,false,false,near_mint,en,EUR,2026-07-11T18:45:53.997Z
Free Cards,binder,Command Tower,ECC,Lorwyn Eclipsed Commander,59,normal,common,1,110636,da4d9f44-9079-4144-8dd9-076be04032d4,0.23,false,false,near_mint,en,EUR,2026-07-11T18:45:53.997Z
Free Cards,binder,Cream of the Crop,ECC,Lorwyn Eclipsed Commander,102,normal,rare,1,110572,943be0ee-cab1-4678-9ee0-960919ed519e,0.46,false,false,near_mint,en,EUR,2026-07-11T18:45:53.997Z
Foot Clan Blitz,deck,Crib Swap,ECL,Lorwyn Eclipsed,11,normal,uncommon,1,110563,8f2fb3c6-af75-47a3-9f97-521872c32890,0.23,false,false,near_mint,en,EUR,2026-07-11T18:45:53.997Z
Blight-Curse-B4-Final,deck,Cultivate,ECC,Lorwyn Eclipsed Commander,103,normal,common,1,110496,4d36559d-3b91-46e4-bc39-c489842adcbf,0.34,false,false,near_mint,en,EUR,2026-07-11T18:45:53.997Z
Free Cards,binder,Descendants' Fury,ECC,Lorwyn Eclipsed Commander,93,normal,rare,1,110502,55af97c0-3377-4a77-8a8a-5bc894d7d678,0.25,false,false,near_mint,en,EUR,2026-07-11T18:45:53.997Z
Free Cards,binder,Distant Melody,ECC,Lorwyn Eclipsed Commander,45,normal,common,1,110658,f1d7e8c9-0936-47eb-8996-309e7a7edcad,0.3,false,false,near_mint,en,EUR,2026-07-11T18:45:53.997Z
Free Cards,binder,Eclipsed Flamekin,ECL,Lorwyn Eclipsed,219,normal,uncommon,1,110634,d907ae44-cd07-4409-946c-e97f584d9a81,0.2,false,false,near_mint,en,EUR,2026-07-11T18:45:53.997Z
Free Cards,binder,Elemental Spectacle,ECC,Lorwyn Eclipsed Commander,15,normal,rare,1,110596,b012cbef-c9bc-41ac-8318-f1687340c5fa,0.18,false,false,near_mint,en,EUR,2026-07-11T18:45:53.997Z
Free Cards,binder,Endurance,ECC,Lorwyn Eclipsed Commander,51,normal,mythic,1,110602,b770471c-1bf7-4179-8418-dcd790ca5405,3.54,false,false,near_mint,en,EUR,2026-07-11T18:45:53.997Z
Free Cards,binder,Exotic Orchard,ECC,Lorwyn Eclipsed Commander,148,normal,rare,1,110638,dc0a1bc1-ba94-4494-a196-5363fde85194,0.31,false,false,near_mint,en,EUR,2026-07-11T18:45:53.997Z
Free Cards,binder,Faeburrow Elder,ECC,Lorwyn Eclipsed Commander,53,normal,rare,1,110445,145dcac4-2c53-4ae9-9ede-24dc07474b01,0.37,false,false,near_mint,en,EUR,2026-07-11T18:45:53.997Z
Blight-Curse-B4-Final,deck,Fellwar Stone,ECC,Lorwyn Eclipsed Commander,141,normal,uncommon,1,110606,bbfb3591-1f81-4576-828b-fd00fea599dd,0.76,false,false,near_mint,en,EUR,2026-07-11T18:45:53.997Z
Free Cards,binder,Flamebraider,ECL,Lorwyn Eclipsed,139,normal,uncommon,1,110604,b8aa428c-5a77-444f-b75e-a113e46fe4e0,0.18,false,false,near_mint,en,EUR,2026-07-11T18:45:53.997Z
Free Cards,binder,Flamekin Village,ECC,Lorwyn Eclipsed Commander,149,normal,rare,1,110639,df0affe7-92d8-422f-833d-74089626b829,0.27,false,false,near_mint,en,EUR,2026-07-11T18:45:53.997Z
Free Cards,binder,Forest,ECL,Lorwyn Eclipsed,273,normal,common,8,110396,b460f5f7-c7c9-400c-8419-23d614f45bf9,0.12,false,false,near_mint,en,EUR,2026-07-11T18:45:53.997Z
Free Cards,binder,Foundation Breaker,ECC,Lorwyn Eclipsed Commander,108,normal,uncommon,1,110635,d990b59f-2ad1-4224-9f1e-2574eadce1a3,0.25,false,false,near_mint,en,EUR,2026-07-11T18:45:53.997Z
Free Cards,binder,Frontier Bivouac,ECC,Lorwyn Eclipsed Commander,150,normal,uncommon,1,110494,48810b27-0646-4ff9-9d4d-c6d09b2e0267,0.32,false,false,near_mint,en,EUR,2026-07-11T18:45:53.997Z
Blight-Curse-B4-Final,deck,Fury,ECC,Lorwyn Eclipsed Commander,50,normal,mythic,1,110570,932d0fb9-382d-464a-9427-b91fa2398cdb,0.51,false,false,near_mint,en,EUR,2026-07-11T18:45:53.997Z
Turtle Power!,deck,Garruk's Uprising,ECC,Lorwyn Eclipsed Commander,109,normal,uncommon,1,110598,b58c4033-f764-42f6-966f-b7202a2babbf,0.51,false,false,near_mint,en,EUR,2026-07-11T18:45:53.997Z
Free Cards,binder,Greenwarden of Murasa,ECC,Lorwyn Eclipsed Commander,110,normal,mythic,1,110458,24249343-8274-4c16-bb51-4d37b4b60741,0.23,false,false,near_mint,en,EUR,2026-07-11T18:45:53.997Z
Free Cards,binder,Haunting Voyage,ECC,Lorwyn Eclipsed Commander,75,normal,mythic,1,110453,203ddc5e-3824-4a97-b97d-aeda7b82c704,0.27,false,false,near_mint,en,EUR,2026-07-11T18:45:53.997Z
Free Cards,binder,Hoofprints of the Stag,ECC,Lorwyn Eclipsed Commander,64,normal,rare,1,110595,af609bbd-2ed0-4a2b-b3e3-7120e86da9ce,0.17,false,false,near_mint,en,EUR,2026-07-11T18:45:53.997Z
Free Cards,binder,Horde of Notions,ECC,Lorwyn Eclipsed Commander,124,normal,rare,1,110645,e7d3e472-5589-4655-b246-6f2d7ccf029e,0.22,false,false,near_mint,en,EUR,2026-07-11T18:45:53.997Z
Free Cards,binder,Impulsivity,ECC,Lorwyn Eclipsed Commander,13,normal,rare,1,110614,c1c9ff71-b818-4d8b-8e0a-432becb7bf09,0.25,false,false,near_mint,en,EUR,2026-07-11T18:45:53.997Z
Free Cards,binder,Incandescent Soulstoke,ECC,Lorwyn Eclipsed Commander,94,normal,uncommon,1,110613,c1597a95-3175-42f7-abce-2f6f969c5faa,0.21,false,false,near_mint,en,EUR,2026-07-11T18:45:53.997Z
Free Cards,binder,Ingot Chewer,ECC,Lorwyn Eclipsed Commander,95,normal,common,1,110615,c2086d4e-c202-4677-8dee-ecabd61cf921,0.23,false,false,near_mint,en,EUR,2026-07-11T18:45:53.997Z
Free Cards,binder,Island,ECL,Lorwyn Eclipsed,270,normal,common,2,110392,b0da67fb-1cb2-4105-ab5c-b7c680b8116c,0.13,false,false,near_mint,en,EUR,2026-07-11T18:45:53.997Z
Free Cards,binder,"Jegantha, the Wellspring",ECC,Lorwyn Eclipsed Commander,125,normal,rare,1,110539,79ec30d9-daf7-4f1d-ac16-4d11e8160d97,0.25,false,false,near_mint,en,EUR,2026-07-11T18:45:53.997Z
Free Cards,binder,Jubilation,ECC,Lorwyn Eclipsed Commander,17,normal,rare,1,110587,a8eef44d-113c-428f-89e1-821418def041,0.25,false,false,near_mint,en,EUR,2026-07-11T18:45:53.997Z
Free Cards,binder,Kindred Summons,ECC,Lorwyn Eclipsed Commander,112,normal,rare,1,110472,3485e240-4957-421b-86f4-2aa494563747,0.48,false,false,near_mint,en,EUR,2026-07-11T18:45:53.997Z
Free Cards,binder,Kodama's Reach,ECC,Lorwyn Eclipsed Commander,113,normal,common,1,110568,90c423cc-1264-4067-9c50-e7c88c68ef2d,1.37,false,false,near_mint,en,EUR,2026-07-11T18:45:53.997Z
Free Cards,binder,Lamentation,ECC,Lorwyn Eclipsed Commander,10,normal,rare,1,110465,2dbc775a-ec2b-442f-a817-4108c05d7fab,0.25,false,false,near_mint,en,EUR,2026-07-11T18:45:53.997Z
Free Cards,binder,Maelstrom Wanderer,ECC,Lorwyn Eclipsed Commander,127,normal,rare,1,110503,5685b28a-b943-4143-b9ed-4796c1ffbf9c,0.41,false,false,near_mint,en,EUR,2026-07-11T18:45:53.997Z
Free Cards,binder,Mass of Mysteries,ECC,Lorwyn Eclipsed Commander,3,foil,mythic,1,110371,871decb1-82e7-48f7-84be-96dde2d35770,0.32,false,false,near_mint,en,EUR,2026-07-11T18:45:53.997Z
Free Cards,binder,Mountain,ECL,Lorwyn Eclipsed,272,normal,common,2,110313,295b92bc-d66f-45d8-9bbe-5f5f13e39fd4,0.15,false,false,near_mint,en,EUR,2026-07-11T18:45:53.997Z
Free Cards,binder,"Muldrotha, the Gravetide",ECC,Lorwyn Eclipsed Commander,128,normal,mythic,1,110528,705b4d97-2f50-47f7-9053-d748f4337553,0.47,false,false,near_mint,en,EUR,2026-07-11T18:45:53.997Z
Free Cards,binder,Mulldrifter,ECC,Lorwyn Eclipsed Commander,67,normal,uncommon,1,110484,3de308cc-14ac-407e-99e7-568572ecd0e7,0.32,false,false,near_mint,en,EUR,2026-07-11T18:45:53.997Z
Free Cards,binder,"Omnath, Locus of Rage",ECC,Lorwyn Eclipsed Commander,129,normal,mythic,1,110515,637c5910-f835-496e-b1b9-445bfb71da97,0.33,false,false,near_mint,en,EUR,2026-07-11T18:45:53.997Z
Free Cards,binder,"Omnath, Locus of the Roil",ECC,Lorwyn Eclipsed Commander,130,normal,mythic,1,110525,6da6957b-8f52-4fc9-affe-e1e0db03fbe2,0.28,false,false,near_mint,en,EUR,2026-07-11T18:45:53.997Z
Free Cards,binder,Opal Palace,ECC,Lorwyn Eclipsed Commander,156,normal,common,1,110508,5d772414-a85f-45f2-bb85-9fdca0f87fd6,0.28,false,false,near_mint,en,EUR,2026-07-11T18:45:53.997Z
Free Cards,binder,Opulent Palace,ECC,Lorwyn Eclipsed Commander,157,normal,uncommon,1,110655,f0001153-dbcb-44e5-99be-2c186c9b10b0,0.3,false,false,near_mint,en,EUR,2026-07-11T18:45:53.997Z
Free Cards,binder,Path of Ancestry,ECC,Lorwyn Eclipsed Commander,158,normal,common,1,110482,3b792a6a-beac-4d4a-91b6-f5a5e3539ecd,0.3,false,false,near_mint,en,EUR,2026-07-11T18:45:53.997Z
Foot Clan Blitz,deck,Path to Exile,ECC,Lorwyn Eclipsed Commander,65,normal,uncommon,1,110473,35649ef0-b2fd-429f-be5f-766d5cea5994,0.97,false,false,near_mint,en,EUR,2026-07-11T18:45:53.997Z
Foot Clan Blitz,deck,Plains,ECL,Lorwyn Eclipsed,269,normal,common,2,110325,3a438199-54f8-4702-81cf-a9d42e7cd9f1,0.16,false,false,near_mint,en,EUR,2026-07-11T18:45:53.997Z
Free Cards,binder,Primal Beyond,ECC,Lorwyn Eclipsed Commander,159,normal,rare,1,110627,cf01949c-1aa3-4ce6-aabf-00c6d0498f5c,0.23,false,false,near_mint,en,EUR,2026-07-11T18:45:53.997Z
Free Cards,binder,Raging Ravine,ECC,Lorwyn Eclipsed Commander,160,normal,rare,1,110480,3964c3a5-3ce7-4b73-89ec-ed1b9799aef8,0.15,false,false,near_mint,en,EUR,2026-07-11T18:45:53.997Z
Free Cards,binder,Rain-Slicked Copse,ECC,Lorwyn Eclipsed Commander,23,normal,rare,1,110432,07be68c1-1272-4209-84b9-4fff9211b23e,0.25,false,false,near_mint,en,EUR,2026-07-11T18:45:53.997Z
Free Cards,binder,Reality Shift,ECC,Lorwyn Eclipsed Commander,68,normal,uncommon,1,110492,459f0dd1-3a52-4642-8c3e-11de9467507a,0.23,false,false,near_mint,en,EUR,2026-07-11T18:45:53.997Z
Free Cards,binder,Realmwalker,ECC,Lorwyn Eclipsed Commander,114,normal,rare,1,110499,52733829-27b7-40ec-a897-cabab35b3729,1.03,false,false,near_mint,en,EUR,2026-07-11T18:45:53.997Z
Turtle Power!,deck,Return of the Wildspeaker,ECC,Lorwyn Eclipsed Commander,115,normal,rare,1,110466,2fa1dac5-51ba-403e-b48b-d2c0d23a8146,0.87,false,false,near_mint,en,EUR,2026-07-11T18:45:53.997Z
Free Cards,binder,Risen Reef,ECC,Lorwyn Eclipsed Commander,132,normal,uncommon,1,110529,715ad2ff-7eae-42f1-bb3c-a3afc2c9b82a,0.25,false,false,near_mint,en,EUR,2026-07-11T18:45:53.997Z
Foot Clan Blitz,deck,Secluded Courtyard,ECC,Lorwyn Eclipsed Commander,62,normal,uncommon,1,110573,98563d19-fa5d-4395-ba6c-2bd724d9c410,0.29,false,false,near_mint,en,EUR,2026-07-11T18:45:53.997Z
Free Cards,binder,"Selvala, Heart of the Wilds",ECC,Lorwyn Eclipsed Commander,116,normal,mythic,1,110546,812856be-cf51-42de-96d2-4ac91e71d442,2.86,false,false,near_mint,en,EUR,2026-07-11T18:45:53.997Z
Free Cards,binder,Shatter the Sky,ECC,Lorwyn Eclipsed Commander,66,normal,rare,1,110644,e79f7e98-2f80-444b-8ca2-d529472ba798,0.19,false,false,near_mint,en,EUR,2026-07-11T18:45:53.997Z
Free Cards,binder,Shimmercreep,ECL,Lorwyn Eclipsed,120,normal,uncommon,1,110662,f7c02899-5f0f-4b38-bbbc-fbc8c46419a6,0.17,false,false,near_mint,en,EUR,2026-07-11T18:45:53.997Z
Blight-Curse-B4-Final,deck,Shriekmaw,ECC,Lorwyn Eclipsed Commander,85,normal,uncommon,1,110650,ed2d62c2-85c9-4fd4-8a7e-0017640606be,0.28,false,false,near_mint,en,EUR,2026-07-11T18:45:53.997Z
Free Cards,binder,Slithermuse,ECC,Lorwyn Eclipsed Commander,69,normal,rare,1,110506,58b1e5df-de53-4452-90a9-9ff13c4a0bd6,0.24,false,false,near_mint,en,EUR,2026-07-11T18:45:53.997Z
Free Cards,binder,Smokebraider,ECC,Lorwyn Eclipsed Commander,96,normal,common,1,110630,d5975979-12ca-4cb5-9897-71a683104eda,0.25,false,false,near_mint,en,EUR,2026-07-11T18:45:53.997Z
Free Cards,binder,Sodden Verdure,ECC,Lorwyn Eclipsed Commander,24,normal,rare,1,110667,fd5e526a-2507-4c3c-ad6f-98d4253962df,0.39,false,false,near_mint,en,EUR,2026-07-11T18:45:53.997Z
Free Cards,binder,Sol Ring,ECC,Lorwyn Eclipsed Commander,57,normal,uncommon,1,110430,04002706-2236-4b79-bdea-4f263e43cb9c,1.41,false,false,near_mint,en,EUR,2026-07-11T18:45:53.997Z
Free Cards,binder,Springleaf Parade,ECC,Lorwyn Eclipsed Commander,19,normal,rare,1,110491,44265489-645a-43b0-bc1f-726905b06876,6.99,false,false,near_mint,en,EUR,2026-07-11T18:45:53.997Z
Free Cards,binder,Subterfuge,ECC,Lorwyn Eclipsed Commander,6,normal,rare,1,110668,fdbf0034-c28a-44ed-b817-519b2a3df3c4,0.29,false,false,near_mint,en,EUR,2026-07-11T18:45:53.997Z
Free Cards,binder,Thriving Bluff,ECC,Lorwyn Eclipsed Commander,170,normal,common,1,110558,8a6d17e6-c7f3-4433-a3f2-82076fb10031,0.26,false,false,near_mint,en,EUR,2026-07-11T18:45:53.997Z
Free Cards,binder,Thriving Grove,ECC,Lorwyn Eclipsed Commander,171,normal,common,1,110490,434904b5-3614-4843-9cc0-03da115bdbef,0.27,false,false,near_mint,en,EUR,2026-07-11T18:45:53.997Z
Free Cards,binder,Thriving Heath,ECC,Lorwyn Eclipsed Commander,172,normal,common,1,110443,13348735-d12e-4858-989f-a74c031ed518,0.24,false,false,near_mint,en,EUR,2026-07-11T18:45:53.997Z
Free Cards,binder,Thriving Isle,ECC,Lorwyn Eclipsed Commander,173,normal,common,1,110520,68614de9-2b44-4043-94e9-cbd2249d5f75,0.21,false,false,near_mint,en,EUR,2026-07-11T18:45:53.997Z
Free Cards,binder,Thriving Moor,ECC,Lorwyn Eclipsed Commander,174,normal,common,1,110518,672eed05-1392-40ff-aa6f-2aac74d28ae9,0.24,false,false,near_mint,en,EUR,2026-07-11T18:45:53.997Z
Free Cards,binder,Timeless Lotus,ECC,Lorwyn Eclipsed Commander,143,normal,mythic,1,110441,0fbbab5f-657a-4e6a-8bdd-69f11547fe25,2.16,false,false,near_mint,en,EUR,2026-07-11T18:45:53.997Z
Free Cards,binder,Titan of Industry,ECC,Lorwyn Eclipsed Commander,117,normal,mythic,1,110489,432f2b57-4e7e-4717-8707-8cdbc1aae154,0.29,false,false,near_mint,en,EUR,2026-07-11T18:45:53.997Z
Free Cards,binder,Unclaimed Territory,ECC,Lorwyn Eclipsed Commander,175,normal,uncommon,1,110545,7f5ad03d-77ae-4e06-96f2-4f03bdfbb226,0.31,false,false,near_mint,en,EUR,2026-07-11T18:45:53.997Z
Free Cards,binder,Vernal Sovereign,ECC,Lorwyn Eclipsed Commander,135,normal,rare,1,110543,7c54fe0b-56f6-4cff-adde-56aa5326194d,0.25,false,false,near_mint,en,EUR,2026-07-11T18:45:53.997Z
Free Cards,binder,"Yarok, the Desecrated",ECC,Lorwyn Eclipsed Commander,136,normal,mythic,1,110611,c08a2da8-3ce7-4e0d-bdb0-81b6cdf3126a,0.3,false,false,near_mint,en,EUR,2026-07-11T18:45:53.997Z
Free Cards,binder,"Abigale, Poet Laureate // Heroic Stanza",SOS,Secrets of Strixhaven,170,normal,uncommon,1,111717,77285d12-e658-4eb3-ba13-ff202afab9c8,0.18,false,false,near_mint,en,EUR,2026-07-11T18:47:10.475Z
Free Cards,binder,Adventurous Eater // Have a Bite,SOS,Secrets of Strixhaven,72,normal,common,1,112694,d40cc7da-c731-418e-8547-7033d1939450,0.11,false,false,near_mint,en,EUR,2026-07-11T18:47:10.475Z
Free Cards,binder,Aegis Turtle,FDN,Foundations,150,normal,common,1,101590,c7f2014a-fbc9-447c-a440-e06d01066bb9,0.18,false,false,near_mint,en,EUR,2026-07-11T18:47:10.475Z
Free Cards,binder,Ancestral Anger,SOS,Secrets of Strixhaven,106,normal,common,1,112627,6c5a93d6-d4ab-4062-bb3c-1b5330bf15ad,0.15,false,false,near_mint,en,EUR,2026-07-11T18:47:10.475Z
Free Cards,binder,Arcane Epiphany,FDN,Foundations,29,normal,uncommon,1,100116,06431793-5dfe-4cbf-990b-4bcc960d1f31,0.14,false,false,near_mint,en,EUR,2026-07-11T18:47:10.475Z
Free Cards,binder,Axgard Cavalry,FDN,Foundations,189,normal,common,1,101631,fe3cc41a-adae-4c9b-b4d3-03f3ca862fed,0.24,false,false,near_mint,en,EUR,2026-07-11T18:47:10.475Z
Free Cards,binder,Bake into a Pie,FDN,Foundations,169,normal,common,1,101494,2ab0e660-86a3-4b92-82fa-77dcb5db947d,0.22,false,false,near_mint,en,EUR,2026-07-11T18:47:10.475Z
Free Cards,binder,Banishing Betrayal,SOS,Secrets of Strixhaven,38,normal,common,1,111688,1ae9d2f3-7a9f-433a-aa1f-14337ae6f9d4,0.15,false,false,near_mint,en,EUR,2026-07-11T18:47:10.475Z
Foot Clan Blitz,deck,Banishing Light,FDN,Foundations,138,normal,common,1,101613,e38dc3b3-1629-491b-8afd-0e7a9a857713,0.17,false,false,near_mint,en,EUR,2026-07-11T18:47:10.475Z
Free Cards,binder,Broken Wings,DFT,Aetherdrift,156,normal,common,1,103441,1d7d5b71-7c1b-4fc2-a5ec-7285e17ffe0f,0.12,false,false,near_mint,en,EUR,2026-07-11T18:47:10.475Z
Foot Clan Blitz,deck,Burrog Banemaker,SOS,Secrets of Strixhaven,75,normal,common,1,112599,3e4f9d23-1a17-4188-ac91-f8ddea46a1c4,0.12,false,false,near_mint,en,EUR,2026-07-11T18:47:10.475Z
Free Cards,binder,Chelonian Tackle,SOS,Secrets of Strixhaven,142,normal,uncommon,1,112659,a82a4d8c-4105-4923-85a2-ef58241f725c,0.18,false,false,near_mint,en,EUR,2026-07-11T18:47:10.475Z
Free Cards,binder,Colossus of the Blood Age,SOS,Secrets of Strixhaven,181,normal,uncommon,1,112387,bfa7f0a4-6b65-4e53-ba00-848df260d8e3,0.18,false,false,near_mint,en,EUR,2026-07-11T18:47:10.475Z
Free Cards,binder,Comforting Counsel,SOS,Secrets of Strixhaven,143,normal,rare,1,112612,5223a04f-6b47-4379-80ce-8489c4a91734,0.3,false,false,near_mint,en,EUR,2026-07-11T18:47:10.475Z
Free Cards,binder,Cost of Brilliance,SOS,Secrets of Strixhaven,77,normal,common,1,112594,3a46816b-9f75-4c72-9ec6-cded6a4a0d01,0.14,false,false,near_mint,en,EUR,2026-07-11T18:47:10.475Z
Foot Clan Blitz,deck,Diregraf Ghoul,FDN,Foundations,171,normal,uncommon,1,100439,4682012c-d7e0-4257-b538-3de497507464,0.14,false,false,near_mint,en,EUR,2026-07-11T18:47:10.475Z
Free Cards,binder,"Drakuseth, Maw of Flames",FDN,Foundations,193,normal,rare,1,100092,029b1edb-e1de-4f1c-81df-8d17f4920318,0.32,false,false,near_mint,en,EUR,2026-07-11T18:47:10.475Z
Free Cards,binder,Eager Trufflesnout,FDN,Foundations,102,normal,uncommon,1,100940,a6e8433d-eb2a-43d1-b59b-7d70ff97c8e7,0.21,false,false,near_mint,en,EUR,2026-07-11T18:47:10.475Z
Foot Clan Blitz,deck,Elite Interceptor // Rejoinder,SOS,Secrets of Strixhaven,12,normal,common,1,112577,2970683e-e69c-42cb-a067-34abd56fb42b,0.12,false,false,near_mint,en,EUR,2026-07-11T18:47:10.475Z
Free Cards,binder,Environmental Scientist,SOS,Secrets of Strixhaven,147,normal,uncommon,1,112403,f2bf6b36-43e4-49d9-98b2-cbb4304c248b,0.15,false,false,near_mint,en,EUR,2026-07-11T18:47:10.475Z
Blight-Curse-B4-Final,deck,Exsanguinate,FDN,Foundations,173,normal,uncommon,1,101330,f11d7311-4066-4a5d-ba28-9857fa707a0b,0.32,false,false,near_mint,en,EUR,2026-07-11T18:47:10.475Z
Free Cards,binder,Fix What's Broken,SOS,Secrets of Strixhaven,188,normal,rare,1,112678,c0cd1d71-8e4a-4e00-80cd-83aec231fa57,0.23,false,false,near_mint,en,EUR,2026-07-11T18:47:10.475Z
Free Cards,binder,Fleeting Distraction,FDN,Foundations,155,normal,common,1,101587,c0b86a7b-4912-43a7-ab89-c3432385baa1,0.16,false,false,near_mint,en,EUR,2026-07-11T18:47:10.475Z
Free Cards,binder,Forum of Amity,SOS,Secrets of Strixhaven,256,normal,common,1,111863,1de6c6cc-0c55-4997-8623-d7f796bd9ab8,0.14,false,false,near_mint,en,EUR,2026-07-11T18:47:10.475Z
Free Cards,binder,Fractal Mascot,SOS,Secrets of Strixhaven,189,normal,common,1,111745,cf5b19e3-eed1-4b36-9756-660ffb3baa08,0.14,false,false,near_mint,en,EUR,2026-07-11T18:47:10.475Z
Free Cards,binder,"Ghalta, Primal Hunger",FDN,Foundations,222,normal,rare,1,100635,6a9c39e4-a8cf-42dd-8d0e-45634b335546,1.11,false,false,near_mint,en,EUR,2026-07-11T18:47:10.475Z
Free Cards,binder,Goblin Surprise,FDN,Foundations,200,normal,common,1,101512,527dd5d4-5f72-40bb-8a9d-1f5ac3f81e2e,0.2,false,false,near_mint,en,EUR,2026-07-11T18:47:10.475Z
Free Cards,binder,Goldvein Pick,FDN,Foundations,253,normal,common,1,101572,a241317d-2277-467e-a8f9-aa71c944e244,0.28,false,false,near_mint,en,EUR,2026-07-11T18:47:10.475Z
Free Cards,binder,Gorehorn Raider,FDN,Foundations,89,normal,common,1,101551,78ce6c40-3452-4aa0-a45b-dbfd70f8d220,0.06,false,false,near_mint,en,EUR,2026-07-11T18:47:10.475Z
Free Cards,binder,Graduation Day,SOS,Secrets of Strixhaven,16,normal,uncommon,1,111755,db1cea01-123e-4b23-8b98-f94cabce3912,0.23,false,false,near_mint,en,EUR,2026-07-11T18:47:10.475Z
Foot Clan Blitz,deck,Helpful Hunter,FDN,Foundations,16,normal,common,1,97172,1b9a0e91-80b5-428f-8f08-931d0631be14,0.26,false,false,near_mint,en,EUR,2026-07-11T18:47:10.475Z
Free Cards,binder,Honorbound Page // Forum's Favor,SOS,Secrets of Strixhaven,19,normal,common,1,112633,79a70863-860f-4a7b-9cb2-d3546b689d44,0.05,false,false,near_mint,en,EUR,2026-07-11T18:47:10.475Z
Free Cards,binder,Hungry Graffalon,SOS,Secrets of Strixhaven,151,normal,common,1,112557,030b1272-5990-4bc9-8fc1-82cc05602060,0.06,false,false,near_mint,en,EUR,2026-07-11T18:47:10.475Z
Free Cards,binder,Hydro-Channeler,SOS,Secrets of Strixhaven,54,normal,common,1,112563,099f8400-d70a-48ef-8ff6-645eae97e072,0.17,false,false,near_mint,en,EUR,2026-07-11T18:47:10.475Z
Foot Clan Blitz,deck,Imperious Inkmage,SOS,Secrets of Strixhaven,195,normal,common,1,112695,d5df1c3f-2536-4476-b8cd-34b026c38366,0.12,false,false,near_mint,en,EUR,2026-07-11T18:47:10.475Z
Free Cards,binder,Infirmary Healer // Stream of Life,SOS,Secrets of Strixhaven,152,normal,uncommon,1,112645,911442e3-3003-4683-a766-e791e9553667,0.18,false,false,near_mint,en,EUR,2026-07-11T18:47:10.475Z
Foot Clan Blitz,deck,Inkling Mascot,SOS,Secrets of Strixhaven,196,normal,common,1,111711,6d4a2f39-0e1e-4076-815a-2676a09a1aab,0.08,false,false,near_mint,en,EUR,2026-07-11T18:47:10.475Z
Free Cards,binder,Interjection,SOS,Secrets of Strixhaven,22,normal,common,1,112560,0534cff6-299c-4155-b318-eb7581989e8a,0.11,false,false,near_mint,en,EUR,2026-07-11T18:47:10.475Z
Free Cards,binder,Island,SOS,Secrets of Strixhaven,274,normal,common,1,111979,77b88bb8-6bd9-4632-b937-89468fcb5e6a,0.14,false,false,near_mint,en,EUR,2026-07-11T18:47:10.475Z
Foot Clan Blitz,deck,Last Gasp,SOS,Secrets of Strixhaven,86,normal,common,1,112698,da5f3729-6ec7-4482-90cb-83b973edeae4,0.15,false,false,near_mint,en,EUR,2026-07-11T18:47:10.475Z
Free Cards,binder,Mountain,SOS,Secrets of Strixhaven,278,normal,common,1,112062,a642c7b1-d4d1-4125-a66d-560438e5ee51,0.16,false,false,near_mint,en,EUR,2026-07-11T18:47:10.475Z
Free Cards,binder,Old-Growth Educator,SOS,Secrets of Strixhaven,207,normal,uncommon,1,111761,eb7e858a-9b85-49b2-a379-ee656b64935a,0.15,false,false,near_mint,en,EUR,2026-07-11T18:47:10.475Z
Free Cards,binder,"Page, Loose Leaf",SOS,Secrets of Strixhaven,250,normal,common,1,112642,8c6fecfd-8241-4cf0-b1eb-19472b99e0ed,0.17,false,false,near_mint,en,EUR,2026-07-11T18:47:10.475Z
Free Cards,binder,Pick Your Poison,MKM,Murders at Karlov Manor,170,normal,common,1,91312,f58cfb23-4d99-4133-bf4b-d7e7c7d17cea,0.17,false,false,near_mint,en,EUR,2026-07-11T18:47:10.475Z
Free Cards,binder,Poisoner's Apprentice,SOS,Secrets of Strixhaven,92,normal,uncommon,1,112591,3755a2e9-af55-4625-a006-2a86c7893a96,0.1,false,false,near_mint,en,EUR,2026-07-11T18:47:10.475Z
Free Cards,binder,Quick Study,SOS,Secrets of Strixhaven,65,normal,common,1,112583,2d4f0bc7-da7c-4749-a24c-b01f3eb5860c,0.16,false,false,near_mint,en,EUR,2026-07-11T18:47:10.475Z
Foot Clan Blitz,deck,Quick-Draw Katana,FDN,Foundations,130,normal,common,1,101540,69beec98-c89c-4673-953c-8b3ef3d81560,0.2,false,false,near_mint,en,EUR,2026-07-11T18:47:10.475Z
Free Cards,binder,Rancorous Archaic,SOS,Secrets of Strixhaven,2,normal,common,1,111695,2565e16a-ed31-4867-adb8-f1633d580397,0.05,false,false,near_mint,en,EUR,2026-07-11T18:47:10.475Z
Free Cards,binder,Rearing Embermare,SOS,Secrets of Strixhaven,127,normal,common,1,112561,06dd56bd-de92-4202-af31-7e881c34d799,0.06,false,false,near_mint,en,EUR,2026-07-11T18:47:10.475Z
Blight-Curse-B4-Final,deck,Reassembling Skeleton,TDC,Tarkir: Dragonstorm Commander,195,normal,uncommon,1,104627,4d431445-d7db-4ce1-b422-41494d9be1b4,0.32,false,false,near_mint,en,EUR,2026-07-11T18:47:10.475Z
Foot Clan Blitz,deck,Repel Calamity,SOA,Secrets of Strixhaven Mystical Archive,8,normal,uncommon,1,112424,1c2cf02f-97f3-47f0-9382-c580f3033635,0.15,false,false,near_mint,en,EUR,2026-07-11T18:47:10.475Z
Blight-Curse-B4-Final,deck,Rogue's Passage,SOC,Secrets of Strixhaven Commander,400,normal,uncommon,1,111888,335444f0-0848-4c17-b056-56d4fc876a58,0.34,false,false,near_mint,en,EUR,2026-07-11T18:47:10.475Z
Free Cards,binder,Shivan Dragon,FDN,Foundations,206,normal,uncommon,1,100236,1fcff1e0-2745-448d-a27b-e31719e222e9,0.11,false,false,near_mint,en,EUR,2026-07-11T18:47:10.475Z
Free Cards,binder,Skycoach Conductor // All Aboard,SOS,Secrets of Strixhaven,67,normal,rare,1,112441,4ecbca71-9a1d-44c5-b709-d6f565941d5e,0.32,false,false,near_mint,en,EUR,2026-07-11T18:47:10.475Z
Foot Clan Blitz,deck,Soaring Stoneglider,SOS,Secrets of Strixhaven,32,normal,uncommon,1,112584,2fbe446b-60fd-43da-8358-985392293af8,0.11,false,false,near_mint,en,EUR,2026-07-11T18:47:10.475Z
Free Cards,binder,Soul-Shackled Zombie,FDN,Foundations,70,normal,common,1,101609,deea5690-6eb2-4353-b917-cbbf840e4e71,0.15,false,false,near_mint,en,EUR,2026-07-11T18:47:10.475Z
Free Cards,binder,Soulstone Sanctuary,FDN,Foundations,133,normal,rare,1,100596,642553a7-6d0f-483d-a873-3a703786db42,0.42,false,false,near_mint,en,EUR,2026-07-11T18:47:10.475Z
Free Cards,binder,Spectacle Summit,SOS,Secrets of Strixhaven,262,normal,common,1,112055,a0a66f7b-eab4-45da-8895-c2c2c7eb05f8,0.16,false,false,near_mint,en,EUR,2026-07-11T18:47:10.475Z
Free Cards,binder,Spellbook Seeker // Careful Study,SOS,Secrets of Strixhaven,68,normal,common,1,112691,cc44eaa4-59a4-419e-b1d1-d92f354ff588,0.11,false,false,near_mint,en,EUR,2026-07-11T18:47:10.475Z
Foot Clan Blitz,deck,Stab,FDN,Foundations,71,normal,common,1,101538,6859a5ba-1c1c-4631-bba8-f9900b827178,0.17,false,false,near_mint,en,EUR,2026-07-11T18:47:10.475Z
Free Cards,binder,Swiftwater Cliffs,TDM,Tarkir: Dragonstorm,268,normal,common,1,104361,ca53fb19-b8ca-485b-af1a-5117ae54bfe3,0.15,false,false,near_mint,en,EUR,2026-07-11T18:47:10.475Z
Free Cards,binder,"Tatyova, Benthic Druid",FDN,Foundations,247,normal,uncommon,1,101301,eabc978a-0666-472d-bdc6-d4b29d29eca4,0.19,false,false,near_mint,en,EUR,2026-07-11T18:47:10.475Z
Free Cards,binder,The Dawning Archaic,SOS,Secrets of Strixhaven,1,normal,mythic,1,111719,7a451985-37e1-44d8-839b-dc1e88df5c96,1.13,false,false,near_mint,en,EUR,2026-07-11T18:47:10.475Z
Free Cards,binder,Uncharted Voyage,FDN,Foundations,53,normal,common,1,101611,e0846820-e595-4743-8a28-29c57d728677,0.05,false,false,near_mint,en,EUR,2026-07-11T18:47:10.475Z
Free Cards,binder,Unsubtle Mockery,SOS,Secrets of Strixhaven,136,normal,common,1,112580,2b7cb1a3-761e-470e-a164-6e29dd9448cd,0.1,false,false,near_mint,en,EUR,2026-07-11T18:47:10.475Z
Free Cards,binder,Vibrant Outburst,SOS,Secrets of Strixhaven,240,normal,uncommon,1,112721,f9ba68ef-6efc-4249-8b74-e33f47173902,0.25,false,false,near_mint,en,EUR,2026-07-11T18:47:10.475Z
Free Cards,binder,Visionary's Dance,SOS,Secrets of Strixhaven,242,normal,common,1,112638,846a0e79-a530-429e-8f7f-4b87f1b0156e,0.17,false,false,near_mint,en,EUR,2026-07-11T18:47:10.475Z
Free Cards,binder,Wild Hypothesis,SOS,Secrets of Strixhaven,167,normal,common,1,112559,04fdfabc-c247-4384-a5bb-f49035f8aae0,0.16,false,false,near_mint,en,EUR,2026-07-11T18:47:10.475Z
Blight Curse Future,list,Grim Tutor,M21,Core Set 2021,103,normal,mythic,1,50899,928558ab-e29a-44cb-ac2f-88443571f41a,15.15,false,false,near_mint,en,EUR,2026-07-12T07:28:43.267Z
Blight Curse Future,list,Demonic Tutor,UMA,Ultimate Masters,93,normal,rare,1,43216,3bdbc231-5316-4abd-9d8d-d87cff2c9847,45.77,false,false,near_mint,en,EUR,2026-07-12T07:28:43.267Z
Blight Curse Future,list,Vampiric Tutor,EMA,Eternal Masters,112,normal,mythic,1,8563,e7e778ce-3f1e-4626-8f55-bba03970d91a,40.4,false,false,near_mint,en,EUR,2026-07-12T07:28:43.267Z
Blight Curse Future,list,Blood Artist,AVR,Avacyn Restored,86,normal,uncommon,1,18192,2e1fb442-68ff-4249-8e44-87edf6fae211,2.27,false,false,near_mint,en,EUR,2026-07-12T07:28:43.267Z
Blight Curse Future,list,"Ayara, First of Locthwain",ELD,Throne of Eldraine,75,normal,rare,1,46263,ed0ace28-9a33-4f0d-b8c8-f5517f20ccf1,6.37,false,false,near_mint,en,EUR,2026-07-12T07:28:43.267Z
Blight Curse Future,list,Wishclaw Talisman,ELD,Throne of Eldraine,110,normal,rare,1,46228,07c17b01-ee5d-491a-8403-b3f819b778c4,2.2,false,false,near_mint,en,EUR,2026-07-12T07:28:43.267Z
Free Cards,binder,Will of the Naga,FRF,Fate Reforged,58,normal,common,1,12068,9fed1c4d-f11e-476a-bbb2-06ffc6e261f3,0.0,false,false,near_mint,ja,EUR,2026-07-15T17:33:58.627Z
Free Cards,binder,Hero,TFIN,Final Fantasy Tokens,8,normal,common,1,106008,7fc68b53-e23d-4762-aa53-e634e856be47,0.22,false,false,near_mint,de,EUR,2026-07-15T17:34:47.640Z
Free Cards,binder,Hunt the Weak,KLD,Kaladesh,158,normal,common,1,7485,f6acbe3e-cc60-4e17-97da-ac4c803e8a5a,0.06,false,false,near_mint,en,EUR,2026-07-15T17:34:47.639Z
Blight-Curse-B4-Final,deck,Skullclamp,FIC,Final Fantasy Commander,355,normal,uncommon,1,105930,4e5d5649-3e30-4aca-80f8-5a7522d366da,6.4,false,false,near_mint,en,EUR,2026-07-15T17:35:35.822Z
Blight-Curse-B4-Final,deck,Diabolic Intent,FCA,Final Fantasy: Through the Ages,34,normal,rare,1,106411,a2ec8e5e-ada8-4cd7-b43d-157568356a80,11.35,false,false,near_mint,en,EUR,2026-07-15T17:35:35.821Z
Blight-Curse-B4-Final,deck,"Yawgmoth, Thran Physician",FCA,Final Fantasy: Through the Ages,11,normal,mythic,1,106281,6ed83401-0b7e-48c7-b1a4-8e97aec29960,28.49,false,false,near_mint,en,EUR,2026-07-15T17:35:35.820Z
Blight-Curse-B4-Final,deck,Contagion Engine,SOM,Scars of Mirrodin,145,normal,rare,1,20887,dce72636-08e4-484e-ad81-4d1597a31ffb,11.27,false,false,near_mint,en,EUR,2026-07-21T13:27:37.799Z
Blight-Curse-B4-Final,deck,Quillspike,EVE,Eventide,126,normal,uncommon,1,24425,14cb4054-d5d6-4015-ae86-6f99280afe0a,4.15,false,false,near_mint,en,EUR,2026-07-21T13:27:53.871Z
Blight-Curse-B4-Final,deck,Nest of Scarabs,AKH,Amonkhet,101,normal,uncommon,1,5584,97aa6b45-055a-411e-b2db-b373a4d3826d,3.58,false,false,near_mint,en,EUR,2026-07-21T13:28:05.983Z
Blight-Curse-B4-Final,deck,Obelisk Spider,HOU,Hour of Devastation,141,normal,uncommon,1,4534,ae054604-0d77-45d0-b17b-55a83fb18e39,3.2,false,false,near_mint,en,EUR,2026-07-21T13:28:21.940Z
Blight-Curse-B4-Final,deck,Zulaport Cutthroat,BFZ,Battle for Zendikar,126,normal,uncommon,1,10225,5c963d97-c948-45d9-84cc-58e246d35970,1.07,false,false,near_mint,en,EUR,2026-07-21T13:28:31.670Z
Blight-Curse-B4-Final,deck,Swamp,ECL,Lorwyn Eclipsed,271,normal,common,7,110305,1dd4d605-02a2-4183-b191-0bca8dfbf962,0.15,false,false,near_mint,en,EUR,2026-07-21T13:29:41.968Z
Foot Clan Blitz,deck,Grounded for Life,TMT,Teenage Mutant Ninja Turtles,7,foil,common,1,111479,72388199-85fa-4eba-9a9c-c2904e6da9ed,0.11,false,false,near_mint,en,EUR,2026-07-24T20:20:44.440Z
Free Cards,binder,Krang & Shredder,TMT,Teenage Mutant Ninja Turtles,201,normal,rare,1,111253,5fbf2786-c591-49f8-8cfe-7137f02d0bb9,1.32,false,false,near_mint,en,EUR,2026-07-24T20:21:29.050Z
Free Cards,binder,"Jennika, Bad Apple Big Sister",TMT,Teenage Mutant Ninja Turtles,10,normal,common,1,111501,a5b83101-e3ef-4ffe-a886-4fc2b57a0947,0.04,false,false,near_mint,en,EUR,2026-07-24T20:22:05.245Z
Free Cards,binder,Lessons from Life,TMT,Teenage Mutant Ninja Turtles,155,normal,uncommon,1,111182,0f886117-aff3-4db7-9cf5-7cbe94c8cd02,0.15,false,false,near_mint,en,EUR,2026-07-24T20:22:52.333Z
Foot Clan Blitz,deck,Omni-Cheese Pizza,TMT,Teenage Mutant Ninja Turtles,176,normal,common,2,111609,f2c8397c-2014-4a43-9ed7-41795880011f,0.07,false,false,near_mint,en,EUR,2026-07-24T20:23:03.417Z
Free Cards,binder,EPF Point Squad,TMT,Teenage Mutant Ninja Turtles,145,normal,common,2,111545,faab52c0-ce79-40af-a156-b193a62d439e,0.04,false,false,near_mint,en,EUR,2026-07-24T20:23:15.005Z
Free Cards,binder,Sewer-veillance Cam,TMT,Teenage Mutant Ninja Turtles,53,normal,common,2,111505,ab47a37b-b66d-4f70-9bf0-4d5ed6b518f3,0.28,false,false,near_mint,en,EUR,2026-07-24T20:23:27.288Z
Foot Clan Blitz,deck,Squirrelanoids,TMT,Teenage Mutant Ninja Turtles,81,normal,common,2,111597,be08d2b0-375b-434f-9e6d-060809e0ed34,0.08,false,false,near_mint,en,EUR,2026-07-24T20:23:52.260Z
Free Cards,binder,Bot Bashing Time,TMT,Teenage Mutant Ninja Turtles,85,normal,common,2,111552,08b3af61-d516-45ca-aede-2f50ba23cb07,0.07,false,false,near_mint,en,EUR,2026-07-24T20:24:24.380Z
Free Cards,binder,Fugitive Droid,TMT,Teenage Mutant Ninja Turtles,40,foil,uncommon,1,111572,50c4e65f-00dc-4fc5-bd5c-8482c2848f4c,0.25,false,false,near_mint,en,EUR,2026-07-24T20:24:38.074Z
Free Cards,binder,South Wind Avatar,TMT,Teenage Mutant Ninja Turtles,78,normal,rare,1,110951,c17bc07c-7147-4c84-aa0b-8a0865fba94e,1.05,false,false,near_mint,en,EUR,2026-07-24T20:25:00.487Z
Foot Clan Blitz,deck,"Leonardo, Leader in Blue",TMT,Teenage Mutant Ninja Turtles,196,normal,uncommon,1,111508,b7f4581f-e0c1-4cc3-b94c-dd104606c4af,0.21,false,false,near_mint,en,EUR,2026-07-24T20:25:36.009Z
Foot Clan Blitz,deck,Shredder's Technique,TMT,Teenage Mutant Ninja Turtles,232,normal,uncommon,1,111220,4208f96f-49ea-46d9-b6fc-2093ded1fadb,0.2,false,false,near_mint,en,EUR,2026-07-24T20:26:09.892Z
Free Cards,binder,Turtle Blimp,TMT,Teenage Mutant Ninja Turtles,180,normal,uncommon,1,111581,6e118fc5-b0ae-4592-8292-d611856ae203,0.06,false,false,near_mint,en,EUR,2026-07-24T20:26:23.942Z
Free Cards,binder,Novel Nunchaku,TMT,Teenage Mutant Ninja Turtles,127,normal,uncommon,1,111540,f37ef012-c566-4d16-acf8-6079244907be,0.08,false,false,near_mint,en,EUR,2026-07-24T20:26:42.421Z
Free Cards,binder,Ice Cream Kitty,TMT,Teenage Mutant Ninja Turtles,150,normal,common,1,111579,66081fd3-2457-4602-96c4-3075ddfec1c2,0.08,false,false,near_mint,en,EUR,2026-07-24T20:26:53.464Z
Foot Clan Blitz,deck,Mechanized Ninja Cavalry,TMT,Teenage Mutant Ninja Turtles,156,normal,common,1,111445,2cb65388-dc6c-4e2a-93ac-49ea484849e9,0.09,false,false,near_mint,en,EUR,2026-07-24T20:27:05.311Z
Foot Clan Blitz,deck,Grounded for Life,TMT,Teenage Mutant Ninja Turtles,7,normal,common,1,111479,72388199-85fa-4eba-9a9c-c2904e6da9ed,0.07,false,false,near_mint,en,EUR,2026-07-24T20:27:19.593Z
Free Cards,binder,Ragamuffin Raptor,TMT,Teenage Mutant Ninja Turtles,130,normal,common,1,111449,2edc1d40-3154-4ec0-88c7-faf35fd5e560,0.05,false,false,near_mint,en,EUR,2026-07-24T20:27:33.785Z
Free Cards,binder,East Wind Avatar,TMT,Teenage Mutant Ninja Turtles,5,normal,common,3,111516,c9d5b56c-ad2a-4958-8783-4eceb8733610,0.04,false,false,near_mint,en,EUR,2026-07-24T20:28:13.854Z
Free Cards,binder,Utrom Scientists,TMT,Teenage Mutant Ninja Turtles,56,normal,common,2,111478,6da89625-5278-49d4-813b-a1a631f114f5,0.04,false,false,near_mint,en,EUR,2026-07-24T20:28:27.519Z
Foot Clan Blitz,deck,"Oroku Saki, Shredder Rising",TMT,Teenage Mutant Ninja Turtles,68,normal,common,2,111606,e65ff1f4-a061-4c31-a78e-92af6e7bc56f,0.11,false,false,near_mint,en,EUR,2026-07-24T20:28:38.214Z
Free Cards,binder,Return to the Sewers,TMT,Teenage Mutant Ninja Turtles,52,normal,common,1,111574,52e99505-17dc-4051-99f6-e23559fc6c95,0.12,false,false,near_mint,en,EUR,2026-07-24T20:28:53.968Z
Free Cards,binder,"Donatello, Turtle Techie",TMT,Teenage Mutant Ninja Turtles,37,normal,common,1,111475,683cfef0-f164-4db8-b83f-79eb804e50ae,0.05,false,false,near_mint,en,EUR,2026-07-24T20:29:12.769Z
Free Cards,binder,Mouser Foundry,TMT,Teenage Mutant Ninja Turtles,96,normal,common,1,111490,8aae3bd6-a935-44a5-aa4d-a525b00cbf50,0.06,false,false,near_mint,en,EUR,2026-07-24T20:29:31.855Z
Free Cards,binder,Utrom Scientists,TMT,Teenage Mutant Ninja Turtles,56,foil,common,1,111478,6da89625-5278-49d4-813b-a1a631f114f5,0.02,false,false,near_mint,en,EUR,2026-07-24T20:29:44.534Z
Free Cards,binder,The Cloning of Shredder,TMT,Teenage Mutant Ninja Turtles,60,normal,mythic,1,110933,94449d88-2df4-4850-8ffa-d6d193835dda,1.37,false,false,near_mint,en,EUR,2026-07-24T20:30:29.597Z
Free Cards,binder,Weather Maker,TMT,Teenage Mutant Ninja Turtles,182,normal,rare,1,110945,aaba62c1-760b-491b-8047-869bb1d3f67e,0.53,false,false,near_mint,en,EUR,2026-07-24T20:30:43.107Z
Free Cards,binder,"Raphael, Tough Turtle",TMT,Teenage Mutant Ninja Turtles,104,normal,common,1,111390,f24c90c8-ed04-4b4e-8b19-c7d07a90c6b8,0.14,false,false,near_mint,en,EUR,2026-07-24T20:31:01.257Z
Foot Clan Blitz,deck,Paramecia Coloniex,TMT,Teenage Mutant Ninja Turtles,70,normal,uncommon,1,111578,654e2646-78ac-4b08-bed1-3c71355d55fc,0.19,false,false,near_mint,en,EUR,2026-07-24T20:31:15.682Z
Free Cards,binder,"Old Hob, Alleycat Blues",TMT,Teenage Mutant Ninja Turtles,99,normal,uncommon,1,111557,1515eed9-3b21-42f0-ab57-de5df19317af,0.09,false,false,near_mint,en,EUR,2026-07-24T20:31:25.916Z
Free Cards,binder,Putrid Pals,TMT,Teenage Mutant Ninja Turtles,165,normal,common,1,111567,42cdb88d-675a-43bb-b85c-51c4cc526315,0.05,false,false,near_mint,en,EUR,2026-07-24T20:31:36.121Z
Foot Clan Blitz,deck,Foot Elite,TMT,Teenage Mutant Ninja Turtles,146,normal,common,1,111198,24bd571e-652a-4e7c-afc6-a45f0ccf62f6,0.09,false,false,near_mint,en,EUR,2026-07-24T20:31:44.848Z
Free Cards,binder,Negate,MOM,March of the Machine,68,normal,common,1,81138,81752db1-374e-4723-b695-a2f4a634dfc6,0.14,false,false,near_mint,en,EUR,2026-07-24T20:31:55.537Z
Free Cards,binder,Anchovy & Banana Pizza,TMT,Teenage Mutant Ninja Turtles,57,normal,common,1,111568,44443ad2-ef8c-4106-ba1b-ee3fb6fd8b17,0.08,false,false,near_mint,en,EUR,2026-07-24T20:32:05.162Z
Foot Clan Blitz,deck,Hamato Guardian Stance,TMT,Teenage Mutant Ninja Turtles,8,normal,common,1,111480,735b540b-b472-46fa-a232-d444cabf6c4c,0.03,false,false,near_mint,en,EUR,2026-07-24T20:32:18.840Z
Free Cards,binder,Primordial Pachyderm,TMT,Teenage Mutant Ninja Turtles,129,normal,common,1,111531,e1a866e6-4108-4290-9680-8f1652fbcf77,0.08,false,false,near_mint,en,EUR,2026-07-24T20:32:32.272Z
Free Cards,binder,Mutant Town Musicians,TMT,Teenage Mutant Ninja Turtles,97,normal,common,1,111446,2dbe9207-06e8-4837-8227-0f960490771b,0.03,false,false,near_mint,en,EUR,2026-07-24T20:32:47.968Z
Free Cards,binder,Zoo Escapees,TMT,Teenage Mutant Ninja Turtles,138,foil,common,1,111542,f57ba8ff-2f8c-4ca1-9b13-42a7cc213e99,0.1,false,false,near_mint,en,EUR,2026-07-24T20:32:55.977Z
Free Cards,binder,Groundchuck & Dirtbag,TMT,Teenage Mutant Ninja Turtles,238,normal,rare,1,111243,53a7b366-f27e-4aad-a732-11b2f2c6e452,0.57,false,false,near_mint,en,EUR,2026-07-24T20:33:16.313Z
Free Cards,binder,"Michelangelo, Game Master",TMT,Teenage Mutant Ninja Turtles,118,normal,common,1,111448,2e914c3d-2eed-48bf-af9a-a8998fd5111d,0.07,false,false,near_mint,en,EUR,2026-07-24T20:33:31.943Z
Free Cards,binder,"Casey Jones, Jury-Rig Justiciar",TMT,Teenage Mutant Ninja Turtles,87,normal,uncommon,1,109289,808a5bc0-0999-47cf-854c-30db6277efe5,0.06,false,false,near_mint,en,EUR,2026-07-24T20:33:43.357Z
Free Cards,binder,Bespoke Bō,TMT,Teenage Mutant Ninja Turtles,31,normal,uncommon,1,111580,6c517308-831b-4e41-a82c-02ddf6383a0c,0.09,false,false,near_mint,en,EUR,2026-07-24T20:33:57.198Z
Free Cards,binder,Tainted Treats,TMT,Teenage Mutant Ninja Turtles,170,normal,uncommon,1,111613,fa684608-ecd3-43e2-99a1-71318f133e29,0.14,false,false,near_mint,en,EUR,2026-07-24T20:34:09.588Z
Free Cards,binder,Mouser Mark III,TMT,Teenage Mutant Ninja Turtles,159,normal,common,1,111469,608a13b4-0b94-4be5-ac4b-e939901e8419,0.02,false,false,near_mint,en,EUR,2026-07-24T20:34:19.664Z
Free Cards,binder,Slithering Cryptid,TMT,Teenage Mutant Ninja Turtles,168,normal,common,1,111476,6d35cb39-8832-4cf1-be73-8de49fbea529,0.03,false,false,near_mint,en,EUR,2026-07-24T20:34:30.874Z
Free Cards,binder,"Stockman, Mad Fly-entist",TMT,Teenage Mutant Ninja Turtles,54,normal,common,1,111435,01ca65e2-898e-4150-a6bf-e61b183fd98a,0.02,false,false,near_mint,en,EUR,2026-07-24T20:34:38.859Z
Free Cards,binder,Shredder's Revenge,TMT,Teenage Mutant Ninja Turtles,76,normal,common,1,111272,72fadf47-2e0b-4b24-b1bc-7c86780716b6,0.08,false,false,near_mint,en,EUR,2026-07-24T20:34:54.156Z
Foot Clan Blitz,deck,"April O'Neil, Kunoichi Trainee",TMT,Teenage Mutant Ninja Turtles,3,normal,common,1,111587,8b1982ea-686b-4acd-b677-47571430efb0,0.03,false,false,near_mint,en,EUR,2026-07-24T20:35:05.892Z
Free Cards,binder,Cowabunga!,TMT,Teenage Mutant Ninja Turtles,113,normal,common,1,111183,0ffce972-bed9-445a-a9a0-4816f156d88d,0.05,false,false,near_mint,en,EUR,2026-07-24T20:35:14.576Z
Free Cards,binder,Purple Dragon Punks,TMT,Teenage Mutant Ninja Turtles,100,normal,common,1,111596,bbe1d7e5-68e2-4458-aa3f-5e97fa8e7cae,0.02,false,false,near_mint,en,EUR,2026-07-24T20:35:22.852Z
Foot Clan Blitz,deck,Turtle Van,TMT,Teenage Mutant Ninja Turtles,181,normal,rare,1,110959,fce6a8b6-b43c-4045-9378-97b2463f9b4d,0.18,false,false,near_mint,en,EUR,2026-07-24T20:36:40.686Z
Free Cards,binder,"Raphael, the Nightwatcher",TMT,Teenage Mutant Ninja Turtles,103,normal,rare,1,110926,6af50b50-3776-4383-b493-7c5dd732c965,0.69,false,false,near_mint,en,EUR,2026-07-24T20:37:23.139Z
Free Cards,binder,Ooze Spill,TMT,Teenage Mutant Ninja Turtles,48,normal,uncommon,1,111598,beef76b7-856e-48ab-bc73-e4f456c3a100,0.08,false,false,near_mint,en,EUR,2026-07-24T20:37:39.344Z
Free Cards,binder,"Lord Dregg, Insect Invader",TMT,Teenage Mutant Ninja Turtles,65,normal,uncommon,1,111588,8d1a9c8a-d0b6-4d83-a168-8078de4b14c7,0.11,false,false,near_mint,en,EUR,2026-07-24T20:37:49.117Z
Free Cards,binder,Featherbrained Filcher,TMT,Teenage Mutant Ninja Turtles,6,normal,uncommon,1,111481,78c55706-4d00-4b97-965c-0b2d0963e59d,0.09,false,false,near_mint,en,EUR,2026-07-24T20:38:04.445Z
Free Cards,binder,Pain 101,TMT,Teenage Mutant Ninja Turtles,69,normal,common,1,111592,a1c70bf2-b2bd-4585-ba50-304f4dad8e62,0.14,false,false,near_mint,en,EUR,2026-07-24T20:38:11.966Z
Free Cards,binder,Mouser Attack!,TMT,Teenage Mutant Ninja Turtles,95,normal,common,1,111437,058490f4-0ada-45e6-b4f0-e433537f52d6,0.03,false,false,near_mint,en,EUR,2026-07-24T20:38:21.406Z
Free Cards,binder,"Bebop, Warthog Warrior",TMT,Teenage Mutant Ninja Turtles,59,normal,common,1,111560,371ba16d-73f7-450c-8b1f-c05012a4ca93,0.08,false,false,near_mint,en,EUR,2026-07-24T20:38:36.947Z
Free Cards,binder,Mutant Chain Reaction,TMT,Teenage Mutant Ninja Turtles,125,normal,common,1,111297,8763e0ee-a48e-424f-8bce-132582d5944b,0.04,false,false,near_mint,en,EUR,2026-07-24T20:38:46.523Z
Free Cards,binder,Null Group Biological Assets,TMT,Teenage Mutant Ninja Turtles,98,normal,common,1,111536,eb44c134-fcd8-4ad8-841c-f1723ba93216,0.04,false,false,near_mint,en,EUR,2026-07-24T20:38:53.991Z
Free Cards,binder,"Donatello, Turtle Techie",TMT,Teenage Mutant Ninja Turtles,37,foil,common,1,111475,683cfef0-f164-4db8-b83f-79eb804e50ae,0.04,false,false,near_mint,en,EUR,2026-07-24T20:39:06.062Z
Free Cards,binder,Triceraton Commander,TMT,Teenage Mutant Ninja Turtles,25,normal,mythic,1,110924,6445b690-71ce-4371-ae9c-bac0e70dda81,1.28,false,false,near_mint,en,EUR,2026-07-24T20:39:16.928Z
Foot Clan Blitz,deck,"Lita, Little Orphan Amphibian",TMT,Teenage Mutant Ninja Turtles,19,normal,uncommon,1,111320,9fbaabb5-e981-4cbf-888c-46449412711f,0.1,false,false,near_mint,en,EUR,2026-07-24T20:40:06.960Z
Free Cards,binder,Everything Pizza,TMT,Teenage Mutant Ninja Turtles,173,normal,uncommon,1,111373,df2cdaa5-9ea0-4aa5-89d3-9edf40fa2a39,0.04,false,false,near_mint,en,EUR,2026-07-24T20:40:15.306Z
Free Cards,binder,Guac & Marshmallow Pizza,TMT,Teenage Mutant Ninja Turtles,116,normal,common,1,111500,a5405de0-16c9-4e5a-8ceb-00508e212f12,0.08,false,false,near_mint,en,EUR,2026-07-24T20:40:29.738Z
Free Cards,binder,"Zog, Triceraton Castaway",TMT,Teenage Mutant Ninja Turtles,111,normal,common,1,111502,a83a70ba-448e-45f3-b23b-6f38af54811f,0.02,false,false,near_mint,en,EUR,2026-07-24T20:40:38.446Z
Free Cards,binder,Buzz Bots,TMT,Teenage Mutant Ninja Turtles,32,normal,common,1,111484,7c375190-f81b-4ab1-a1b6-fe432796821f,0.02,false,false,near_mint,en,EUR,2026-07-24T20:40:48.631Z
Free Cards,binder,Tenderize,TMT,Teenage Mutant Ninja Turtles,133,normal,common,1,111511,bc19807b-09e8-4923-abc3-d4bbe8cde5fc,0.02,false,false,near_mint,en,EUR,2026-07-24T20:41:02.568Z
Free Cards,binder,Make Your Move,TMT,Teenage Mutant Ninja Turtles,20,normal,common,1,111537,ed8bdd98-6377-40cf-b381-cee38b1bda2a,0.05,false,false,near_mint,en,EUR,2026-07-24T20:41:17.706Z
Free Cards,binder,Retro-Mutation,TMT,Teenage Mutant Ninja Turtles,51,normal,common,1,111571,4af284ba-fa54-43c5-8c76-3e1128957452,0.09,false,false,near_mint,en,EUR,2026-07-24T20:41:27.694Z
Free Cards,binder,Foot Ninjas,TMT,Teenage Mutant Ninja Turtles,147,normal,common,1,111506,abb1ab9c-b067-4b75-8e5b-a893b7948df1,0.07,false,false,near_mint,en,EUR,2026-07-24T20:41:38.635Z
Foot Clan Blitz,deck,Prehistoric Pet,TMT,Teenage Mutant Ninja Turtles,22,normal,rare,1,110904,148e6acd-a96a-4bea-8cfe-a129cd8d1003,0.24,false,false,near_mint,en,EUR,2026-07-24T20:42:23.188Z
Foot Clan Blitz,deck,"Leonardo, Big Brother",TMT,Teenage Mutant Ninja Turtles,14,normal,common,1,111534,e802838f-cc8c-4313-8c3b-32a6a7248e64,0.17,false,false,near_mint,en,EUR,2026-07-24T20:43:25.338Z
Foot Clan Blitz,deck,Death in the Family,TMT,Teenage Mutant Ninja Turtles,61,normal,uncommon,1,111559,2e4f2148-d398-4f3d-9c59-81c87b6a4588,0.15,false,false,near_mint,en,EUR,2026-07-24T20:43:49.343Z
Free Cards,binder,"April, Reporter of the Weird",TMT,Teenage Mutant Ninja Turtles,30,normal,uncommon,1,111454,31aa943f-c9db-43dc-8a72-7ef56f9f5c8b,0.07,false,false,near_mint,en,EUR,2026-07-24T20:43:59.665Z
Free Cards,binder,New Generation's Technique,TMT,Teenage Mutant Ninja Turtles,126,normal,uncommon,1,111608,f1616a07-e4a1-4574-b341-d6b31d76b3c5,0.13,false,false,near_mint,en,EUR,2026-07-24T20:44:22.290Z
Free Cards,binder,Punk Frogs,TMT,Teenage Mutant Ninja Turtles,164,normal,common,1,111561,375c91a3-53c4-4f2d-bf7b-2c79a219d3ae,0.05,false,false,near_mint,en,EUR,2026-07-24T20:44:29.441Z
Foot Clan Blitz,deck,Insectoid Exterminator,TMT,Teenage Mutant Ninja Turtles,64,normal,common,1,111615,ff26f7ff-7f70-4204-9b48-de9e21dc89ec,0.03,false,false,near_mint,en,EUR,2026-07-24T20:44:38.782Z
Free Cards,binder,Foot Mystic,TMT,Teenage Mutant Ninja Turtles,63,normal,common,1,111577,61e40a18-6cc8-436d-826b-1cf8cd037df3,0.07,false,false,near_mint,en,EUR,2026-07-24T20:44:49.710Z
Free Cards,binder,Uneasy Alliance,TMT,Teenage Mutant Ninja Turtles,28,normal,common,1,111575,5d9a4f9a-1e3a-4de8-a7c0-7158c6703b4e,0.03,false,false,near_mint,en,EUR,2026-07-24T20:45:03.215Z
Free Cards,binder,Zoo Escapees,TMT,Teenage Mutant Ninja Turtles,138,normal,common,1,111542,f57ba8ff-2f8c-4ca1-9b13-42a7cc213e99,0.04,false,false,near_mint,en,EUR,2026-07-24T20:45:17.785Z
Free Cards,binder,Rock Soldiers,TMT,Teenage Mutant Ninja Turtles,107,normal,common,1,111554,0fada65d-fd8d-4be9-b2bb-ea5cac78fdd7,0.04,false,false,near_mint,en,EUR,2026-07-24T20:45:30.257Z
Free Cards,binder,Go Ninja Go,TMT,Teenage Mutant Ninja Turtles,149,foil,uncommon,1,111589,90e68cd8-ea76-4bd1-9199-474da9c3e8bf,0.13,false,false,near_mint,en,EUR,2026-07-24T20:45:49.808Z
Free Cards,binder,Transdimensional Bovine,TMT,Teenage Mutant Ninja Turtles,134,normal,rare,1,110955,de124563-205c-4f40-8c13-4ae203599912,0.28,false,false,near_mint,en,EUR,2026-07-24T20:46:04.792Z
Free Cards,binder,"Jennika, Bad Apple Big Sister",TMT,Teenage Mutant Ninja Turtles,203,normal,common,1,111472,64c6cf57-bc43-4b36-a01c-f4b2fadc8ce2,0.05,false,false,near_mint,en,EUR,2026-07-24T20:46:29.190Z
Free Cards,binder,Karai's Technique,TMT,Teenage Mutant Ninja Turtles,152,normal,uncommon,1,111549,037fe188-3355-4724-b2eb-e2448fc55607,0.09,false,false,near_mint,en,EUR,2026-07-24T20:46:50.342Z
Free Cards,binder,Jennika's Technique,TMT,Teenage Mutant Ninja Turtles,236,normal,uncommon,1,111465,562395ef-fb28-4b34-b03b-5dbf0507fdc3,0.14,false,false,near_mint,en,EUR,2026-07-24T20:47:04.031Z
Free Cards,binder,Henchbots,TMT,Teenage Mutant Ninja Turtles,174,normal,uncommon,1,111524,d77aa46e-fa57-4427-b0a3-0a957dc994dc,0.08,false,false,near_mint,en,EUR,2026-07-24T20:47:13.668Z
Free Cards,binder,Crustacean Commando,TMT,Teenage Mutant Ninja Turtles,33,normal,common,1,111496,9528cc07-df4b-417f-ad65-c2fae6fc2d49,0.04,false,false,near_mint,en,EUR,2026-07-24T20:47:45.854Z
Free Cards,binder,Mind Transfer Protocol,TMT,Teenage Mutant Ninja Turtles,45,normal,common,1,111447,2ddfcc4d-dd5f-42f1-8f33-a8e8b5354534,0.03,false,false,near_mint,en,EUR,2026-07-24T20:49:06.447Z
Free Cards,binder,Return to the Sewers,TMT,Teenage Mutant Ninja Turtles,52,foil,common,1,111574,52e99505-17dc-4051-99f6-e23559fc6c95,0.09,false,false,near_mint,en,EUR,2026-07-24T20:49:21.529Z
Free Cards,binder,Leonardo's Technique,TMT,Teenage Mutant Ninja Turtles,18,normal,rare,1,110915,405e4057-e26c-4882-89a9-706868548c37,0.31,false,false,near_mint,en,EUR,2026-07-24T20:49:31.710Z
Free Cards,binder,Metalhead,TMT,Teenage Mutant Ninja Turtles,44,normal,uncommon,1,111563,3c2d8b09-8694-45ab-be01-f8dc17378cf0,0.08,false,false,near_mint,en,EUR,2026-07-24T20:49:54.163Z
Foot Clan Blitz,deck,"Koya, Death from Above",TMT,Teenage Mutant Ninja Turtles,11,normal,uncommon,1,111584,7a4f1ccc-2225-4cd0-abef-0eb7a8eae9cf,0.09,false,false,near_mint,en,EUR,2026-07-24T20:50:08.343Z
Free Cards,binder,Nobody,TMT,Teenage Mutant Ninja Turtles,161,normal,common,1,111553,0966b8ff-61d3-4394-a357-97c35f042a29,0.02,false,false,near_mint,en,EUR,2026-07-24T20:50:35.433Z
Foot Clan Blitz,deck,Action News Crew,TMT,Teenage Mutant Ninja Turtles,1,normal,common,1,111347,bc0f5ca8-47bd-4451-8fd1-a312ff7d31ec,0.02,false,false,near_mint,en,EUR,2026-07-24T20:51:13.248Z
Free Cards,binder,"Rocksteady, Crash Courser",TMT,Teenage Mutant Ninja Turtles,131,normal,common,1,111607,ebbb5756-80fa-406f-8daa-be1f5a6c3c80,0.08,false,false,near_mint,en,EUR,2026-07-24T20:51:22.739Z
Free Cards,binder,Manhole Missile,TMT,Teenage Mutant Ninja Turtles,94,normal,common,1,111444,243e392b-48b0-4e90-ae22-9a696f45e878,0.02,false,false,near_mint,en,EUR,2026-07-24T20:51:32.012Z
Free Cards,binder,"Shark Shredder, Killer Clone",TMT,Teenage Mutant Ninja Turtles,320,foil,rare,1,111392,f2bc8cc8-715b-42a3-83fe-25972b5cbfe1,0.5,false,false,near_mint,en,EUR,2026-07-24T20:52:09.607Z
Foot Clan Blitz,deck,Plains,TMT,Teenage Mutant Ninja Turtles,191,foil,common,1,111192,1b405611-27d4-435a-8e8e-6d528626fd27,0.26,false,false,near_mint,en,EUR,2026-07-24T20:54:14.876Z
Foot Clan Blitz,deck,Plains,TMT,Teenage Mutant Ninja Turtles,191,normal,common,2,111192,1b405611-27d4-435a-8e8e-6d528626fd27,0.17,false,false,near_mint,en,EUR,2026-07-24T20:54:17.446Z
Free Cards,binder,Mountain,TMT,Teenage Mutant Ninja Turtles,194,normal,common,2,111257,6243f79f-b0e3-4fba-b899-7535e1a277e2,0.12,false,false,near_mint,en,EUR,2026-07-24T20:56:13.530Z
Free Cards,binder,Mountain,TMT,Teenage Mutant Ninja Turtles,194,foil,common,1,111257,6243f79f-b0e3-4fba-b899-7535e1a277e2,0.24,false,false,near_mint,en,EUR,2026-07-24T20:56:15.954Z
Free Cards,binder,Mountain,TMT,Teenage Mutant Ninja Turtles,318,foil,common,2,111172,021fa322-f38c-4d94-8122-5b13425106d9,0.22,false,false,near_mint,en,EUR,2026-07-24T20:56:43.547Z
Free Cards,binder,Island,TMT,Teenage Mutant Ninja Turtles,192,foil,common,1,111348,be2319a6-d089-4d13-8a7b-3552e654cdc5,0.27,false,false,near_mint,en,EUR,2026-07-24T20:57:07.659Z
Free Cards,binder,Island,TMT,Teenage Mutant Ninja Turtles,316,foil,common,2,111289,836f371b-34f5-40e8-a806-e457841e5bc7,0.21,false,false,near_mint,en,EUR,2026-07-24T20:57:32.012Z
Free Cards,binder,Plains,TMT,Teenage Mutant Ninja Turtles,315,foil,common,2,111204,2dfe1926-c0d5-40a2-b1aa-988524aefc31,0.23,false,false,near_mint,en,EUR,2026-07-24T20:58:02.561Z
Free Cards,binder,Forest,TMT,Teenage Mutant Ninja Turtles,195,foil,common,2,111256,6194850b-d70a-4f3e-be3e-bfb23ce1170b,0.28,false,false,near_mint,en,EUR,2026-07-24T20:58:47.204Z
Free Cards,binder,Swamp,TMT,Teenage Mutant Ninja Turtles,317,foil,common,1,111377,e43ac31a-942e-4871-be29-426e19e52701,0.15,false,false,near_mint,en,EUR,2026-07-24T21:00:05.910Z
Free Cards,binder,Swamp,TMT,Teenage Mutant Ninja Turtles,193,foil,common,2,111219,41c7688d-8155-45fd-83ba-ff9be4d414a3,0.23,false,false,near_mint,en,EUR,2026-07-24T21:00:20.316Z
Free Cards,binder,Escape Tunnel,TMT,Teenage Mutant Ninja Turtles,184,normal,common,1,111251,5df90940-15ea-418c-8547-6c75d69ec6d3,0.07,false,false,near_mint,en,EUR,2026-07-24T21:00:56.173Z
Free Cards,binder,Foot Headquarters,TMT,Teenage Mutant Ninja Turtles,185,normal,common,1,111569,45e68113-3f05-4547-947d-4cb9ebfa73c7,0.05,false,false,near_mint,en,EUR,2026-07-24T21:01:12.938Z
Free Cards,binder,Foot Headquarters,TMT,Teenage Mutant Ninja Turtles,185,foil,common,1,111569,45e68113-3f05-4547-947d-4cb9ebfa73c7,0.02,false,false,near_mint,en,EUR,2026-07-24T21:01:19.389Z
Free Cards,binder,Illegitimate Business,TMT,Teenage Mutant Ninja Turtles,186,normal,common,1,111583,71597acf-1ce6-46a8-b6c0-88755c8a377c,0.08,false,false,near_mint,en,EUR,2026-07-24T21:01:36.841Z
Free Cards,binder,Mutant Town,TMT,Teenage Mutant Ninja Turtles,187,normal,common,1,111601,c6eac43d-08b6-45a4-803b-10a321a241d7,0.05,false,false,near_mint,en,EUR,2026-07-24T21:01:48.980Z
Free Cards,binder,Plains,TMT,Teenage Mutant Ninja Turtles,315,normal,common,1,111204,2dfe1926-c0d5-40a2-b1aa-988524aefc31,0.1,false,false,near_mint,en,EUR,2026-07-24T21:03:23.138Z
Free Cards,binder,Mountain,TMT,Teenage Mutant Ninja Turtles,318,normal,common,2,111172,021fa322-f38c-4d94-8122-5b13425106d9,0.09,false,false,near_mint,en,EUR,2026-07-24T21:04:01.157Z
Free Cards,binder,Forest,TMT,Teenage Mutant Ninja Turtles,195,normal,common,1,111256,6194850b-d70a-4f3e-be3e-bfb23ce1170b,0.24,false,false,near_mint,en,EUR,2026-07-24T21:04:20.437Z
Free Cards,binder,Forest,TMT,Teenage Mutant Ninja Turtles,319,normal,common,2,111211,3b84ec1e-ccce-4b8b-9302-b26f84cfa469,0.1,false,false,near_mint,en,EUR,2026-07-24T21:04:35.619Z
Free Cards,binder,Island,TMT,Teenage Mutant Ninja Turtles,316,normal,common,2,111289,836f371b-34f5-40e8-a806-e457841e5bc7,0.09,false,false,near_mint,en,EUR,2026-07-24T21:04:59.056Z
Free Cards,binder,Island,TMT,Teenage Mutant Ninja Turtles,192,normal,common,1,111348,be2319a6-d089-4d13-8a7b-3552e654cdc5,0.19,false,false,near_mint,en,EUR,2026-07-24T21:05:16.364Z
Free Cards,binder,Swamp,TMT,Teenage Mutant Ninja Turtles,193,normal,common,1,111219,41c7688d-8155-45fd-83ba-ff9be4d414a3,0.19,false,false,near_mint,en,EUR,2026-07-24T21:05:33.594Z
Free Cards,binder,Swamp,TMT,Teenage Mutant Ninja Turtles,317,normal,common,2,111377,e43ac31a-942e-4871-be29-426e19e52701,0.08,false,false,near_mint,en,EUR,2026-07-24T21:05:39.902Z
Free Cards,binder,Robot,TTMT,Teenage Mutant Ninja Turtles Tokens,10,normal,common,4,111551,08497fc5-1c0e-4c3c-a356-bf4b34bd4c45,,false,false,near_mint,en,EUR,2026-07-24T21:06:16.778Z
Free Cards,binder,Mutagen,TTMT,Teenage Mutant Ninja Turtles Tokens,9,normal,common,8,109283,6559c423-449c-4e8e-8384-3ce78183e317,,false,false,near_mint,en,EUR,2026-07-24T21:06:58.571Z
Free Cards,binder,Food,TTMT,Teenage Mutant Ninja Turtles Tokens,8,normal,common,1,111603,e2b62092-57df-4d95-b2b9-961794e7c20b,,false,false,near_mint,en,EUR,2026-07-24T21:07:09.880Z
Free Cards,binder,Insect Warrior,TTMT,Teenage Mutant Ninja Turtles Tokens,4,normal,common,1,111585,86e41be4-d555-4e35-b9b0-1e937ac5edce,,false,false,near_mint,en,EUR,2026-07-24T21:07:53.615Z
Free Cards,binder,Mutant,TTMT,Teenage Mutant Ninja Turtles Tokens,7,normal,common,2,111573,51e33613-7a24-461c-8d9f-12680af4b92a,,false,false,near_mint,en,EUR,2026-07-24T21:08:05.124Z
Free Cards,binder,Ninja,TTMT,Teenage Mutant Ninja Turtles Tokens,5,normal,common,1,111593,a7b76498-d696-40d1-b7c7-91657525b44f,,false,false,near_mint,en,EUR,2026-07-24T21:08:18.914Z
Free Cards,binder,Rat,TTMT,Teenage Mutant Ninja Turtles Tokens,6,normal,common,1,111562,3b69ac36-617d-4e55-a625-0e6f0d0dfbd3,,false,false,near_mint,en,EUR,2026-07-24T21:09:14.655Z
Turtle Power!,deck,Voracious Hydra,TMC,Teenage Mutant Ninja Turtles Eternal,54,normal,rare,1,111394,f415b285-4771-43ba-9534-244e446f8f72,0.39,false,false,near_mint,en,EUR,2026-07-24T21:17:59.291Z
Turtle Power!,deck,"April O'Neil, Live on the Scene",TMC,Teenage Mutant Ninja Turtles Eternal,9,normal,mythic,1,111271,7265ab42-5434-4127-acd6-8905ab63d62d,0.25,false,false,near_mint,en,EUR,2026-07-24T21:17:59.291Z
Turtle Power!,deck,Arcade Cabinet,TMC,Teenage Mutant Ninja Turtles Eternal,36,normal,rare,1,111333,b2fd1df8-cc67-4209-af9d-5cf18c68cca9,0.41,false,false,near_mint,en,EUR,2026-07-24T21:17:59.291Z
Turtle Power!,deck,Arcane Signet,TMC,Teenage Mutant Ninja Turtles Eternal,57,normal,uncommon,1,111174,049ca0ff-0ca4-44f7-b144-731cf453afa9,0.5,false,false,near_mint,en,EUR,2026-07-24T21:17:59.291Z
Turtle Power!,deck,Ash Barrens,TMC,Teenage Mutant Ninja Turtles Eternal,60,normal,common,1,111383,e8510205-4baa-4f1c-bf64-5d931e2ddf48,0.16,false,false,near_mint,en,EUR,2026-07-24T21:17:59.291Z
Turtle Power!,deck,Assassin's Trophy,TMC,Teenage Mutant Ninja Turtles Eternal,55,normal,rare,1,111308,932efc19-9bfd-4501-a623-ff6765a356d8,0.81,false,false,near_mint,en,EUR,2026-07-24T21:17:59.291Z
Turtle Power!,deck,"Baxter, Fly in the Ointment",TMC,Teenage Mutant Ninja Turtles Eternal,10,normal,rare,1,111396,f5ee290f-03cd-48a8-ba6e-d934cb3f4ff4,0.21,false,false,near_mint,en,EUR,2026-07-24T21:17:59.291Z
Turtle Power!,deck,"Bebop, Skull & Crossbones",TMC,Teenage Mutant Ninja Turtles Eternal,15,normal,rare,1,111331,af2a1494-9c0d-4590-999b-2c52725dc5d0,0.13,false,false,near_mint,en,EUR,2026-07-24T21:17:59.291Z
Turtle Power!,deck,"Big Apple, 3 a.m.",TMC,Teenage Mutant Ninja Turtles Eternal,42,normal,rare,1,111344,b9cc16f9-fea3-4527-9b81-3c84ce9c5e01,0.38,false,false,near_mint,en,EUR,2026-07-24T21:17:59.291Z
Turtle Power!,deck,Big Mother Mouser,TMC,Teenage Mutant Ninja Turtles Eternal,37,normal,rare,1,111360,c9ae6898-6b5a-43bd-8c84-4d8add285f7d,0.67,false,false,near_mint,en,EUR,2026-07-24T21:17:59.291Z
Free Cards,binder,Biogenic Ooze,TMC,Teenage Mutant Ninja Turtles Eternal,49,normal,rare,1,111181,0e850205-d010-49af-b68b-262360751b70,0.19,false,false,near_mint,en,EUR,2026-07-24T21:17:59.291Z
Turtle Power!,deck,Blasphemous Act,TMC,Teenage Mutant Ninja Turtles Eternal,47,normal,rare,1,111370,dc6c4337-7d3e-4700-9473-26185c109166,1.29,false,false,near_mint,en,EUR,2026-07-24T21:17:59.291Z
Turtle Power!,deck,"Casey Jones, Back Alley Brute",TMC,Teenage Mutant Ninja Turtles Eternal,22,normal,rare,1,111218,416d888d-2699-49bd-830b-bf5bda25c91f,0.36,false,false,near_mint,en,EUR,2026-07-24T21:17:59.291Z
Turtle Power!,deck,Chromatic Lantern,TMC,Teenage Mutant Ninja Turtles Eternal,58,normal,rare,1,111259,68625010-3e4e-4400-b503-bf381a7fd81b,0.96,false,false,near_mint,en,EUR,2026-07-24T21:17:59.291Z
Turtle Power!,deck,Cinder Glade,TMC,Teenage Mutant Ninja Turtles Eternal,61,normal,rare,1,111224,45f13a94-c693-4a3b-a0bb-f18ae9fb1ca0,0.24,false,false,near_mint,en,EUR,2026-07-24T21:17:59.291Z
Turtle Power!,deck,City of Brass,TMC,Teenage Mutant Ninja Turtles Eternal,62,normal,rare,1,111352,c21565d0-fc40-4d89-9b27-87c03385e0af,7.99,false,false,near_mint,en,EUR,2026-07-24T21:17:59.291Z
Free Cards,binder,Coin of Mastery,TMC,Teenage Mutant Ninja Turtles Eternal,38,normal,rare,1,111361,ca053574-2ac9-4814-955d-87a97e0aca7e,0.95,false,false,near_mint,en,EUR,2026-07-24T21:17:59.291Z
Turtle Power!,deck,Command Tower,TMC,Teenage Mutant Ninja Turtles Eternal,63,normal,common,1,111234,4d51a621-be31-4b74-8e0b-3958180a8bc5,0.33,false,false,near_mint,en,EUR,2026-07-24T21:17:59.291Z
Turtle Power!,deck,Continue?,TMC,Teenage Mutant Ninja Turtles Eternal,7,normal,rare,1,111203,2c99c472-8820-43d8-9dfa-508dc3d07478,2.71,false,false,near_mint,en,EUR,2026-07-24T21:17:59.291Z
Turtle Power!,deck,Cultivate,TMC,Teenage Mutant Ninja Turtles Eternal,50,normal,common,1,111226,4824ad7c-e533-4357-b486-9e908721db65,0.41,false,false,near_mint,en,EUR,2026-07-24T21:17:59.291Z
Turtle Power!,deck,Dimension X Pizzasaur,TMC,Teenage Mutant Ninja Turtles Eternal,16,normal,rare,1,111401,fe4ab58f-3fb5-45fa-8ea1-794efa6f7da9,0.3,false,false,near_mint,en,EUR,2026-07-24T21:17:59.291Z
Turtle Power!,deck,"Donatello, the Brains",TMC,Teenage Mutant Ninja Turtles Eternal,2,foil,mythic,1,109286,774716f4-d211-497a-be91-69cd700edbf2,0.62,false,false,near_mint,en,EUR,2026-07-24T21:17:59.291Z
Turtle Power!,deck,Double Jump // Flying Kick,TMC,Teenage Mutant Ninja Turtles Eternal,35,normal,rare,1,111350,c0b94a92-48d5-4d08-a8fa-6f3a992db941,0.21,false,false,near_mint,en,EUR,2026-07-24T21:17:59.291Z
Turtle Power!,deck,Dragonskull Summit,TMC,Teenage Mutant Ninja Turtles Eternal,64,normal,rare,1,111298,897976cb-a242-493e-b215-843bcdb6b44d,0.62,false,false,near_mint,en,EUR,2026-07-24T21:17:59.291Z
Free Cards,binder,Electric Seaweed,TMC,Teenage Mutant Ninja Turtles Eternal,23,normal,rare,1,111194,1ead9586-2b40-498e-90d3-c8a3aa81ef92,0.16,false,false,near_mint,en,EUR,2026-07-24T21:17:59.291Z
Turtle Power!,deck,Endless Foot Assault,TMC,Teenage Mutant Ninja Turtles Eternal,8,normal,rare,1,111207,387f6f60-69da-4965-9ab9-57bdb763a013,2.33,false,false,near_mint,en,EUR,2026-07-24T21:17:59.291Z
Turtle Power!,deck,Escape Tunnel,TMT,Teenage Mutant Ninja Turtles,184,normal,common,1,111251,5df90940-15ea-418c-8547-6c75d69ec6d3,0.07,false,false,near_mint,en,EUR,2026-07-24T21:17:59.291Z
Turtle Power!,deck,Everything Pizza,TMT,Teenage Mutant Ninja Turtles,173,normal,uncommon,1,111373,df2cdaa5-9ea0-4aa5-89d3-9edf40fa2a39,0.04,false,false,near_mint,en,EUR,2026-07-24T21:17:59.291Z
Turtle Power!,deck,Evolving Wilds,TMC,Teenage Mutant Ninja Turtles Eternal,65,normal,common,1,111322,a30f5555-2fbe-4c88-9e4f-1f2e81ea6cfd,0.07,false,false,near_mint,en,EUR,2026-07-24T21:17:59.291Z
Turtle Power!,deck,Exotic Orchard,TMC,Teenage Mutant Ninja Turtles Eternal,66,normal,rare,1,111326,ac9d97ef-a64b-43ef-8e4d-f3ebe46d9932,0.2,false,false,near_mint,en,EUR,2026-07-24T21:17:59.291Z
Turtle Power!,deck,Exploding Barrel,TMC,Teenage Mutant Ninja Turtles Eternal,39,normal,rare,1,111372,dee26c1c-f890-46ca-81bb-2bd63fa691c9,0.22,false,false,near_mint,en,EUR,2026-07-24T21:17:59.291Z
Turtle Power!,deck,Fabled Passage,TMC,Teenage Mutant Ninja Turtles Eternal,67,normal,rare,1,111280,7c787c6b-b6c7-47a0-8f8d-761629f5568e,1.15,false,false,near_mint,en,EUR,2026-07-24T21:17:59.291Z
Turtle Power!,deck,Fast Forward,TMC,Teenage Mutant Ninja Turtles Eternal,24,normal,rare,1,111400,fe07512e-46c1-4f45-a06f-5875acaf8928,0.29,false,false,near_mint,en,EUR,2026-07-24T21:17:59.291Z
Turtle Power!,deck,Foot Chopper,TMC,Teenage Mutant Ninja Turtles Eternal,17,normal,rare,1,111395,f43fa5c7-51e6-4824-95f8-837ccc77a6ce,0.25,false,false,near_mint,en,EUR,2026-07-24T21:17:59.291Z
Turtle Power!,deck,Forest,TMT,Teenage Mutant Ninja Turtles,319,normal,common,4,111211,3b84ec1e-ccce-4b8b-9302-b26f84cfa469,0.1,false,false,near_mint,en,EUR,2026-07-24T21:17:59.291Z
Free Cards,binder,Game Over,TMC,Teenage Mutant Ninja Turtles Eternal,18,normal,rare,1,111389,f1eb50a6-07e2-41de-b948-8075bba197ee,0.4,false,false,near_mint,en,EUR,2026-07-24T21:17:59.291Z
Turtle Power!,deck,Grand Coliseum,TMC,Teenage Mutant Ninja Turtles Eternal,68,normal,rare,1,111332,b07eb189-559a-4cd5-95ac-f6612fd11cf1,0.25,false,false,near_mint,en,EUR,2026-07-24T21:17:59.291Z
Turtle Power!,deck,Harmonize,TMC,Teenage Mutant Ninja Turtles Eternal,51,normal,uncommon,1,111305,90b42c40-d6ff-4fda-a040-1594f0ef9585,0.16,false,false,near_mint,en,EUR,2026-07-24T21:17:59.291Z
Turtle Power!,deck,Vigor,TMC,Teenage Mutant Ninja Turtles Eternal,53,normal,rare,1,111261,6952b1c3-2a18-4ad5-8130-861fce1cb422,1.54,false,false,near_mint,en,EUR,2026-07-24T21:17:59.291Z
Turtle Power!,deck,Here Comes a New Hero!,TMC,Teenage Mutant Ninja Turtles Eternal,11,normal,rare,1,111177,096a07e2-c213-4f8a-852f-813435bf1655,0.25,false,false,near_mint,en,EUR,2026-07-24T21:17:59.291Z
Turtle Power!,deck,Heroes in a Half Shell,TMC,Teenage Mutant Ninja Turtles Eternal,6,foil,mythic,1,109300,ccc2a4e6-f505-4040-9d8a-c7b8e1a2b55e,0.51,false,false,near_mint,en,EUR,2026-07-24T21:17:59.291Z
Turtle Power!,deck,Hidden Hideout,TMC,Teenage Mutant Ninja Turtles Eternal,43,normal,rare,1,111393,f356522c-018d-43c7-988a-9ef9829ae75c,2.14,false,false,near_mint,en,EUR,2026-07-24T21:17:59.291Z
Turtle Power!,deck,High Score,TMC,Teenage Mutant Ninja Turtles Eternal,29,normal,rare,1,111343,b9077ef5-d19a-4106-950b-bb49b3b37510,0.87,false,false,near_mint,en,EUR,2026-07-24T21:17:59.291Z
Turtle Power!,deck,Hinterland Harbor,TMC,Teenage Mutant Ninja Turtles Eternal,69,normal,rare,1,111276,7598a728-796b-4b82-b269-217ecca44c2c,0.29,false,false,near_mint,en,EUR,2026-07-24T21:17:59.291Z
Turtle Power!,deck,Corpsejack Menace,TMC,Teenage Mutant Ninja Turtles Eternal,56,normal,rare,1,111293,85caf05a-035b-47c0-975c-dec76799ffcf,0.26,false,false,near_mint,en,EUR,2026-07-24T21:17:59.291Z
Turtle Power!,deck,"Irma, Part-Time Mutant",TMC,Teenage Mutant Ninja Turtles Eternal,12,normal,rare,1,111354,c3128529-4ccd-4809-8388-03f7faa0eabe,4.41,false,false,near_mint,en,EUR,2026-07-24T21:17:59.291Z
Turtle Power!,deck,Island,TMT,Teenage Mutant Ninja Turtles,316,normal,common,2,111289,836f371b-34f5-40e8-a806-e457841e5bc7,0.09,false,false,near_mint,en,EUR,2026-07-24T21:17:59.291Z
Free Cards,binder,"Krang, the All-Powerful",TMC,Teenage Mutant Ninja Turtles Eternal,13,normal,rare,1,111176,08a0ca58-e29e-477e-9377-f8b00e4b28a0,0.38,false,false,near_mint,en,EUR,2026-07-24T21:17:59.291Z
Turtle Power!,deck,"Leatherhead, Iron Gator",TMC,Teenage Mutant Ninja Turtles Eternal,30,normal,rare,1,111351,c0cacd61-bdce-46c6-ac7f-b084987d9aec,0.28,false,false,near_mint,en,EUR,2026-07-24T21:17:59.291Z
Turtle Power!,deck,"Leonardo, the Balance",TMC,Teenage Mutant Ninja Turtles Eternal,1,foil,mythic,1,109284,72e637db-7112-406f-809b-0eda248488b5,0.56,false,false,near_mint,en,EUR,2026-07-24T21:17:59.291Z
Turtle Power!,deck,Lessons from Life,TMT,Teenage Mutant Ninja Turtles,155,normal,uncommon,1,111182,0f886117-aff3-4db7-9cf5-7cbe94c8cd02,0.15,false,false,near_mint,en,EUR,2026-07-24T21:17:59.291Z
Turtle Power!,deck,Level Up,TMC,Teenage Mutant Ninja Turtles Eternal,31,normal,rare,1,111366,d4398907-17d2-4fad-bfa9-56925fb75834,0.97,false,false,near_mint,en,EUR,2026-07-24T21:17:59.291Z
Turtle Power!,deck,"Lita, Little Orphan Amphibian",TMT,Teenage Mutant Ninja Turtles,19,normal,uncommon,1,111320,9fbaabb5-e981-4cbf-888c-46449412711f,0.1,false,false,near_mint,en,EUR,2026-07-24T21:17:59.291Z
Turtle Power!,deck,"Michelangelo, the Heart",TMC,Teenage Mutant Ninja Turtles Eternal,5,foil,mythic,1,109298,bac2d744-db65-4b56-8634-c87fd00c090e,0.79,false,false,near_mint,en,EUR,2026-07-24T21:17:59.291Z
Free Cards,binder,Mole Module,TMC,Teenage Mutant Ninja Turtles Eternal,40,normal,rare,1,111197,248757d9-f590-4f90-98a5-3df947b2bff6,0.24,false,false,near_mint,en,EUR,2026-07-24T21:17:59.291Z
Turtle Power!,deck,"Mona Lisa, Science Geek",TMT,Teenage Mutant Ninja Turtles,123,normal,uncommon,1,111353,c2164204-120c-4dff-86ac-46ca9012ccd9,0.14,false,false,near_mint,en,EUR,2026-07-24T21:17:59.291Z
Turtle Power!,deck,Mountain,TMT,Teenage Mutant Ninja Turtles,318,normal,common,2,111172,021fa322-f38c-4d94-8122-5b13425106d9,0.09,false,false,near_mint,en,EUR,2026-07-24T21:17:59.291Z
Turtle Power!,deck,Ninja Pizza,TMC,Teenage Mutant Ninja Turtles Eternal,32,normal,rare,1,111275,74c24ff9-d3d2-4ffb-bf8b-dba803481a99,2.72,false,false,near_mint,en,EUR,2026-07-24T21:17:59.291Z
Turtle Power!,deck,Path of Ancestry,TMC,Teenage Mutant Ninja Turtles Eternal,70,normal,common,1,111367,d4c1c9ba-d930-435c-8978-f10a2adb3d4c,0.16,false,false,near_mint,en,EUR,2026-07-24T21:17:59.291Z
Turtle Power!,deck,Plains,TMT,Teenage Mutant Ninja Turtles,315,normal,common,3,111204,2dfe1926-c0d5-40a2-b1aa-988524aefc31,0.1,false,false,near_mint,en,EUR,2026-07-24T21:17:59.291Z
Free Cards,binder,Rain-Slicked Copse,TMC,Teenage Mutant Ninja Turtles Eternal,71,normal,rare,1,111267,70e5e700-b215-4a55-ae96-04e9f886cad1,0.2,false,false,near_mint,en,EUR,2026-07-24T21:17:59.291Z
Turtle Power!,deck,"Raphael, the Muscle",TMC,Teenage Mutant Ninja Turtles Eternal,4,foil,mythic,1,109299,bccdd54c-e64b-44d2-87b3-e80029672529,0.46,false,false,near_mint,en,EUR,2026-07-24T21:17:59.291Z
Turtle Power!,deck,"Rat King, Pale Piper",TMC,Teenage Mutant Ninja Turtles Eternal,19,normal,rare,1,111315,9b215ce4-a085-4627-99b1-f4f1344ad41b,0.37,false,false,near_mint,en,EUR,2026-07-24T21:17:59.291Z
Turtle Power!,deck,"Ray Fillet, Wave Warrior",TMC,Teenage Mutant Ninja Turtles Eternal,14,normal,rare,1,111278,796c1b1c-c701-4c7e-922b-0964f04e03a6,0.38,false,false,near_mint,en,EUR,2026-07-24T21:17:59.291Z
Free Cards,binder,Roadkill Rodney,TMC,Teenage Mutant Ninja Turtles Eternal,41,normal,rare,1,111215,3fc23e7a-5059-4c8d-85bd-224f4c1bfc1c,0.27,false,false,near_mint,en,EUR,2026-07-24T21:17:59.291Z
Turtle Power!,deck,"Rocksteady, Mutant Marauder",TMC,Teenage Mutant Ninja Turtles Eternal,33,normal,rare,1,111328,ae25d91f-5489-4cd8-8634-42bcd32d4cf1,0.23,false,false,near_mint,en,EUR,2026-07-24T21:17:59.291Z
Turtle Power!,deck,Rootbound Crag,TMC,Teenage Mutant Ninja Turtles Eternal,72,normal,rare,1,111387,f01bb3fd-14c6-47cb-aba3-e3069da56c9f,0.34,false,false,near_mint,en,EUR,2026-07-24T21:17:59.291Z
Turtle Power!,deck,Shellshock,TMC,Teenage Mutant Ninja Turtles Eternal,25,normal,rare,1,111281,7d180bb8-6a33-4c55-b4c0-2abbf6595d7b,0.26,false,false,near_mint,en,EUR,2026-07-24T21:17:59.291Z
Turtle Power!,deck,"Shredder, Shadow Master",TMC,Teenage Mutant Ninja Turtles Eternal,20,normal,rare,1,111371,ddf4d3c9-bef9-4796-91ef-3d5beebae571,0.68,false,false,near_mint,en,EUR,2026-07-24T21:17:59.291Z
Turtle Power!,deck,Steelbane Hydra,TMC,Teenage Mutant Ninja Turtles Eternal,52,normal,rare,1,111277,7869df96-ce77-45c0-829f-367819806356,0.27,false,false,near_mint,en,EUR,2026-07-24T21:17:59.291Z
Turtle Power!,deck,Smoldering Marsh,TMC,Teenage Mutant Ninja Turtles Eternal,73,normal,rare,1,111323,a4746e54-974a-4743-ab9b-a9e49034b16d,0.23,false,false,near_mint,en,EUR,2026-07-24T21:17:59.291Z
Turtle Power!,deck,Sodden Verdure,TMC,Teenage Mutant Ninja Turtles Eternal,74,normal,rare,1,111179,0b5e219b-28fa-40e3-8afb-355ae767326d,0.46,false,false,near_mint,en,EUR,2026-07-24T21:17:59.291Z
Turtle Power!,deck,Sol Ring,TMC,Teenage Mutant Ninja Turtles Eternal,59,normal,uncommon,1,111185,14dbce79-1fcc-4cc9-bf38-7729e44a411e,1.53,false,false,near_mint,en,EUR,2026-07-24T21:17:59.291Z
Turtle Power!,deck,Special Move,TMC,Teenage Mutant Ninja Turtles Eternal,26,normal,rare,1,111254,600e2c3f-dfbd-4d5c-813a-47ae2d75ac12,0.23,false,false,near_mint,en,EUR,2026-07-24T21:17:59.291Z
Turtle Power!,deck,Spire Garden,TMC,Teenage Mutant Ninja Turtles Eternal,75,normal,rare,1,111227,48444c3e-2068-4961-a9cd-9398052e5bd6,4.59,false,false,near_mint,en,EUR,2026-07-24T21:17:59.291Z
Turtle Power!,deck,"Splinter, the Mentor",TMC,Teenage Mutant Ninja Turtles Eternal,3,foil,mythic,1,109270,06c595fa-55ff-46f3-afaf-17edae465864,0.66,false,false,near_mint,en,EUR,2026-07-24T21:17:59.291Z
Turtle Power!,deck,Sunken Hollow,TMC,Teenage Mutant Ninja Turtles Eternal,76,normal,rare,1,111279,7ab0a5f2-5260-403d-9522-954efc91e96d,0.24,false,false,near_mint,en,EUR,2026-07-24T21:17:59.291Z
Turtle Power!,deck,Super Combo,TMC,Teenage Mutant Ninja Turtles Eternal,34,normal,rare,1,111241,52bed0d4-3bcf-4770-b9c9-2a1d0666d220,0.24,false,false,near_mint,en,EUR,2026-07-24T21:17:59.291Z
Turtle Power!,deck,Swamp,TMT,Teenage Mutant Ninja Turtles,317,normal,common,2,111377,e43ac31a-942e-4871-be29-426e19e52701,0.08,false,false,near_mint,en,EUR,2026-07-24T21:17:59.291Z
Turtle Power!,deck,Swift Demise,TMC,Teenage Mutant Ninja Turtles Eternal,21,normal,rare,1,111221,442feb65-9c0f-4962-8518-78e6d314c916,0.24,false,false,near_mint,en,EUR,2026-07-24T21:17:59.291Z
Turtle Power!,deck,"Tempestra, Dame of Games",TMC,Teenage Mutant Ninja Turtles Eternal,27,normal,rare,1,111233,4ccb74c9-046a-4d6b-b8c2-641e2a238d52,0.21,false,false,near_mint,en,EUR,2026-07-24T21:17:59.291Z
Free Cards,binder,Thriving Grove,TMC,Teenage Mutant Ninja Turtles Eternal,77,normal,common,1,111200,26cb32c5-83b8-4288-ae2d-788cdc4e6445,0.1,false,false,near_mint,en,EUR,2026-07-24T21:17:59.291Z
Free Cards,binder,Thriving Isle,TMC,Teenage Mutant Ninja Turtles Eternal,78,normal,common,1,111306,90bf15bd-4167-4a66-8729-73af5c65692a,0.1,false,false,near_mint,en,EUR,2026-07-24T21:17:59.291Z
Free Cards,binder,Thriving Moor,TMC,Teenage Mutant Ninja Turtles Eternal,79,normal,common,1,111339,b7c7d0c0-ada6-4c89-b47b-977e35e67b39,0.09,false,false,near_mint,en,EUR,2026-07-24T21:17:59.291Z
Turtle Power!,deck,Together Forever,TMC,Teenage Mutant Ninja Turtles Eternal,44,normal,rare,1,111191,1b19f82a-9724-41b1-934d-a8ec1493587b,0.13,false,false,near_mint,en,EUR,2026-07-24T21:17:59.291Z
Turtle Power!,deck,"Tokka & Rahzar, Unsupervised",TMC,Teenage Mutant Ninja Turtles Eternal,28,normal,rare,1,111301,8bc5a0ac-5979-43ce-8a65-98c5f09f4aa6,0.17,false,false,near_mint,en,EUR,2026-07-24T21:17:59.291Z
Turtle Power!,deck,Turtle Lair,TMT,Teenage Mutant Ninja Turtles,190,normal,uncommon,1,111358,c50c4580-979b-4863-86b9-16e258198972,0.1,false,false,near_mint,en,EUR,2026-07-24T21:17:59.291Z
Turtle Power!,deck,Undergrowth Stadium,TMC,Teenage Mutant Ninja Turtles Eternal,80,normal,rare,1,111391,f25aa8aa-e2f7-4634-8a96-2082e76c6503,4.71,false,false,near_mint,en,EUR,2026-07-24T21:17:59.291Z
Turtle Power!,deck,Vanquish the Horde,TMC,Teenage Mutant Ninja Turtles Eternal,45,normal,rare,1,111296,87514302-be90-4afe-9508-d9742425d1ba,0.25,false,false,near_mint,en,EUR,2026-07-24T21:17:59.291Z
Turtle Power!,deck,Vernal Fen,TMC,Teenage Mutant Ninja Turtles Eternal,81,normal,rare,1,111346,ba8f92ec-cd84-4958-9b31-b89598cb274d,0.46,false,false,near_mint,en,EUR,2026-07-24T21:17:59.291Z
Free Cards,binder,Vibrant Cityscape,TMC,Teenage Mutant Ninja Turtles Eternal,82,normal,common,1,111336,b5e7cdb4-7b4d-4c6c-b016-d6cd3f9a04f2,0.14,false,false,near_mint,en,EUR,2026-07-24T21:17:59.291Z
Turtle Power!,deck,Wave Goodbye,TMC,Teenage Mutant Ninja Turtles Eternal,46,normal,rare,1,111304,8fb141d9-addd-47ad-bfc1-b5b376d4c950,0.95,false,false,near_mint,en,EUR,2026-07-24T21:17:59.291Z
Foot Clan Blitz,deck,Plains,FDN,Foundations,272,normal,common,5,100486,4ef17ed4-a9b5-4b8e-b4cb-2ecb7e5898c3,0.16,false,false,near_mint,en,EUR,2026-08-02T20:26:24.266Z
Free Cards,binder,Forest,TDM,Tarkir: Dragonstorm,285,normal,common,4,104317,8100bceb-ffba-487a-bb45-4fe2a156a8dc,0.18,false,false,near_mint,en,EUR,2026-08-02T20:26:57.328Z
Foot Clan Blitz,deck,Swamp,TDM,Tarkir: Dragonstorm,281,normal,common,4,104384,f0bfdb9e-318f-4acd-9fbd-41b98a8875d6,0.16,false,false,near_mint,en,EUR,2026-08-02T20:28:59.330Z
Foot Clan Blitz,deck,Swamp,ECL,Lorwyn Eclipsed,271,normal,common,5,110305,1dd4d605-02a2-4183-b191-0bca8dfbf962,0.13,false,false,near_mint,en,EUR,2026-07-11T18:44:33.509Z
Foot Clan Blitz,deck,Swamp,TMT,Teenage Mutant Ninja Turtles,317,foil,common,1,111377,e43ac31a-942e-4871-be29-426e19e52701,0.15,false,false,near_mint,en,EUR,2026-08-09T09:16:51.961Z
Free Cards,binder,Tunnel Rats,TMT,Teenage Mutant Ninja Turtles,84,normal,common,1,111582,70faf7d8-008a-454a-a21b-702aa661b8f9,0.05,false,false,near_mint,en,EUR,2026-08-09T21:34:57.817Z
Foot Clan Blitz,deck,Bitter Triumph,SOA,Secrets of Strixhaven Mystical Archive,26,normal,uncommon,1,112527,db465858-0593-4850-8f1d-400fe230a18d,0.27,false,false,near_mint,en,EUR,2026-08-09T21:48:53.388Z
Free Cards,binder,Acidic Slime,TMC,Teenage Mutant Ninja Turtles Eternal,48,normal,uncommon,1,111319,9e2ee84d-1d11-48a3-b79d-6a67991a2e60,0.19,false,false,near_mint,en,EUR,2026-08-10T20:24:34.994Z
Free Cards,binder,"Don & Leo, Problem Solvers",TMT,Teenage Mutant Ninja Turtles,143,normal,rare,1,110952,d239beaf-4f5b-494e-be5c-ffa8b6e28bde,0.28,false,false,near_mint,en,EUR,2026-08-10T20:33:23.734Z
Turtle Power!,deck,Fertile Ground,ECC,Lorwyn Eclipsed Commander,106,normal,common,1,110550,83778d03-6196-4994-8f78-4db6cec823fb,0.21,false,false,near_mint,en,EUR,2026-08-10T20:34:00.521Z
Turtle Power!,deck,Frog Butler,TMT,Teenage Mutant Ninja Turtles,114,normal,common,1,111520,d1a72d09-9cfc-463a-a9ec-3359003d54da,0.1,false,false,near_mint,en,EUR,2026-08-10T20:34:12.391Z
Turtle Power!,deck,Gnarlid Colony,FDN,Foundations,224,normal,common,1,101508,47565d10-96bf-4fb0-820f-f20a44a76b6f,0.06,false,false,near_mint,en,EUR,2026-08-10T20:34:37.411Z
Free Cards,binder,Hard-Won Jitte,TMT,Teenage Mutant Ninja Turtles,91,normal,uncommon,1,111250,5d3dc219-f024-49de-b88d-dc1e9e84184c,0.09,false,false,near_mint,en,EUR,2026-08-10T20:34:50.937Z
Free Cards,binder,Jungle Shrine,ECC,Lorwyn Eclipsed Commander,154,normal,uncommon,1,110434,0b1a84b6-4202-4413-80ed-4142c51e619a,0.22,false,false,near_mint,en,EUR,2026-08-10T20:35:12.554Z
Turtle Power!,deck,"Michelangelo, Mutant BFF",TMT,Teenage Mutant Ninja Turtles,198,normal,uncommon,1,111548,ff378d21-eb8c-4e6d-9e63-5f1b6030a001,0.25,false,false,near_mint,en,EUR,2026-08-10T20:35:32.247Z
Turtle Power!,deck,Sandsteppe Citadel,ECC,Lorwyn Eclipsed Commander,164,normal,uncommon,1,110643,e7482def-e87e-4a7f-9c18-7859483b2a66,0.18,false,false,near_mint,en,EUR,2026-08-10T20:35:51.659Z
Turtle Power!,deck,Savage Lands,ECC,Lorwyn Eclipsed Commander,165,normal,uncommon,1,110501,55187461-2ff3-424b-85d5-2ca09567d44e,0.21,false,false,near_mint,en,EUR,2026-08-10T20:36:22.131Z
Turtle Power!,deck,Saved by the Shell,TMT,Teenage Mutant Ninja Turtles,132,normal,uncommon,1,111611,f6314c7f-41dc-4bbd-99db-3a8a1d2977b2,0.15,false,false,near_mint,en,EUR,2026-08-10T20:36:34.784Z
Free Cards,binder,Seaside Citadel,ECC,Lorwyn Eclipsed Commander,166,normal,uncommon,1,110600,b681599f-aa7a-4b3a-a36a-dc6d70fd6a11,0.25,false,false,near_mint,en,EUR,2026-08-10T20:36:47.642Z
Turtle Power!,deck,"Shark Shredder, Killer Clone",TMT,Teenage Mutant Ninja Turtles,73,foil,rare,1,110932,8f946b3d-7d2a-4210-a909-d16078757e3b,0.46,false,false,near_mint,en,EUR,2026-08-10T20:37:46.228Z
Free Cards,binder,Frog Butler,TMT,Teenage Mutant Ninja Turtles,114,normal,common,1,111520,d1a72d09-9cfc-463a-a9ec-3359003d54da,0.1,false,false,near_mint,en,EUR,2026-08-10T20:44:02.701Z
Turtle Power!,deck,Forest,TMT,Teenage Mutant Ninja Turtles,319,foil,common,2,111211,3b84ec1e-ccce-4b8b-9302-b26f84cfa469,0.18,false,false,near_mint,en,EUR,2026-08-11T21:07:56.098Z